{
    "GPmodel": "SExSE",
    "mll": -81720.72335273758,
    "test_WBAN": 14771,
    "nearby_USAF": [
        726227,
        725150,
        725180,
        725130,
        725280
    ],
    "logNoise": -0.8209023600471815,
    "hyp": [
        -0.8209023600471815,
        0.9559588000021113,
        1.330439853890784,
        12.456254772174578
    ],
    "test_ICAO": "KSYR",
    "nearby_ICAO": [
        "KART",
        "KBGM",
        "KALB",
        "KAVP",
        "KBUF"
    ],
    "nearby_WBAN": [
        94790,
        4725,
        14735,
        14777,
        14733
    ],
    "test_USAF": 725190
}
