{
    "GPmodel": "SExSE",
    "mll": -53981.00766037485,
    "test_WBAN": 23188,
    "nearby_USAF": [
        722860,
        722925,
        999999,
        722890,
        723825
    ],
    "logNoise": -0.4172555993472657,
    "hyp": [
        -0.4172555993472657,
        1.049899312402998,
        1.5140391136131341,
        11.804495714598726
    ],
    "test_ICAO": "KSAN",
    "nearby_ICAO": [
        "KRIV",
        "KNUC",
        "KSBD",
        "KMWS",
        "KVCV"
    ],
    "nearby_WBAN": [
        23119,
        93117,
        23122,
        93136,
        23131
    ],
    "test_USAF": 722900
}
