{
    "GPmodel": "SExSE",
    "mll": -80806.08284153961,
    "test_WBAN": 13882,
    "nearby_USAF": [
        722270,
        723260,
        723230,
        722190,
        722287
    ],
    "logNoise": -0.6863751601441161,
    "hyp": [
        -0.6863751601441161,
        0.9892070980101179,
        1.3078936061211932,
        12.15999612529092
    ],
    "test_ICAO": "KCHA",
    "nearby_ICAO": [
        "KMGE",
        "KTYS",
        "KHSV",
        "KATL",
        "KANB"
    ],
    "nearby_WBAN": [
        13864,
        13891,
        3856,
        13874,
        13871
    ],
    "test_USAF": 723240
}
