{
    "GPmodel": "SExSE",
    "mll": -76568.62223259434,
    "test_WBAN": 93819,
    "nearby_USAF": [
        724210,
        725330,
        724297,
        724290,
        745700
    ],
    "logNoise": -0.7240973593218544,
    "hyp": [
        -0.7240973593218544,
        1.0159348126050838,
        1.3960746704384859,
        11.562830821450058
    ],
    "test_ICAO": "KIND",
    "nearby_ICAO": [
        "KCVG",
        "KFWA",
        "KLUK",
        "KDAY",
        "KFFO"
    ],
    "nearby_WBAN": [
        93814,
        14827,
        93812,
        93815,
        13840
    ],
    "test_USAF": 724380
}
