{
    "GPmodel": "SExSE",
    "mll": -72410.76341458852,
    "test_WBAN": 93193,
    "nearby_USAF": [
        724810,
        724800,
        723965,
        724920,
        724945
    ],
    "logNoise": -0.5562576584823128,
    "hyp": [
        -0.5562576584823128,
        1.0274329162247937,
        1.635321905567533,
        12.405982057008616
    ],
    "test_ICAO": "KFAT",
    "nearby_ICAO": [
        "KMER",
        "KBIH",
        "KPRB",
        "KSCK",
        "KSJC"
    ],
    "nearby_WBAN": [
        23203,
        23157,
        93209,
        23237,
        23293
    ],
    "test_USAF": 723890
}
