{
    "GPmodel": "SExSE",
    "mll": -87726.39915003031,
    "test_WBAN": 24233,
    "nearby_USAF": [
        742060,
        727920,
        727810,
        727910,
        726940
    ],
    "logNoise": -0.7866416749112002,
    "hyp": [
        -0.7866416749112002,
        0.9013273472400348,
        1.3302726403279233,
        11.940033167811361
    ],
    "test_ICAO": "KSEA",
    "nearby_ICAO": [
        "KTCM",
        "KOLM",
        "KYKM",
        "KAST",
        "KSLE"
    ],
    "nearby_WBAN": [
        24207,
        24227,
        24243,
        94224,
        24232
    ],
    "test_USAF": 727930
}
