{
    "GPmodel": "SExSE",
    "mll": -95613.66795725349,
    "test_WBAN": 24156,
    "nearby_USAF": [
        725755,
        725720,
        725810,
        726815,
        725760
    ],
    "logNoise": -0.4524685813444827,
    "hyp": [
        -0.4524685813444827,
        1.0582012619883217,
        1.4872993412584115,
        12.535274399727777
    ],
    "test_ICAO": "KPIH",
    "nearby_ICAO": [
        "KHIF",
        "KSLC",
        "KENV",
        "KMUO",
        "KLND"
    ],
    "nearby_WBAN": [
        24101,
        24127,
        24193,
        24106,
        24021
    ],
    "test_USAF": 725780
}
