{
    "GPmodel": "SExSE",
    "mll": -93749.17526571988,
    "test_WBAN": 13889,
    "nearby_USAF": [
        722130,
        722070,
        722140,
        722175,
        722170
    ],
    "logNoise": -0.7472573083952956,
    "hyp": [
        -0.7472573083952956,
        0.7281579711005643,
        1.2639724831627863,
        12.571736546816116
    ],
    "test_ICAO": "KJAX",
    "nearby_ICAO": [
        "KAYS",
        "KSAV",
        "KTLH",
        "KWRB",
        "KMCN"
    ],
    "nearby_WBAN": [
        13861,
        3822,
        93805,
        13860,
        3813
    ],
    "test_USAF": 722060
}
