{
    "GPmodel": "SExSE",
    "mll": -72501.5822313709,
    "test_WBAN": 14933,
    "nearby_USAF": [
        725465,
        725480,
        725450,
        725485,
        725500
    ],
    "logNoise": -0.7350222383499262,
    "hyp": [
        -0.7350222383499262,
        1.015044294675266,
        1.3519643435377908,
        12.469353129021927
    ],
    "test_ICAO": "KDSM",
    "nearby_ICAO": [
        "KOTM",
        "KALO",
        "KCID",
        "KMCW",
        "KOMA"
    ],
    "nearby_WBAN": [
        14950,
        94910,
        14990,
        14940,
        14942
    ],
    "test_USAF": 725460
}
