{
    "GPmodel": "SExSE",
    "mll": -83740.68159139426,
    "test_WBAN": 14739,
    "nearby_USAF": [
        725070,
        726050,
        744910,
        725080,
        726060
    ],
    "logNoise": -0.7890947360299326,
    "hyp": [
        -0.7890947360299326,
        0.9159500548374023,
        1.2869656308328252,
        11.901674206830677
    ],
    "test_ICAO": "KBOS",
    "nearby_ICAO": [
        "KPVD",
        "KCON",
        "KCEF",
        "KBDL",
        "KPWM"
    ],
    "nearby_WBAN": [
        14765,
        14745,
        14703,
        14740,
        14764
    ],
    "test_USAF": 725090
}
