{
    "GPmodel": "SExSE",
    "mll": -86688.75588375244,
    "test_WBAN": 93820,
    "nearby_USAF": [
        724210,
        724297,
        724240,
        724250,
        746716
    ],
    "logNoise": -0.6867687265948655,
    "hyp": [
        -0.6867687265948655,
        1.0224329328141353,
        1.4441119547704342,
        11.853044263263762
    ],
    "test_ICAO": "KLEX",
    "nearby_ICAO": [
        "KCVG",
        "KLUK",
        "KFTK",
        "KHTS",
        "KBWG"
    ],
    "nearby_WBAN": [
        93814,
        93812,
        13807,
        3860,
        93808
    ],
    "test_USAF": 724220
}
