{
    "GPmodel": "SExSE",
    "mll": -81372.61358544404,
    "test_WBAN": 14929,
    "nearby_USAF": [
        726546,
        726540,
        727535,
        727530,
        727640
    ],
    "logNoise": -0.7154345590511556,
    "hyp": [
        -0.7154345590511556,
        0.9811873291342955,
        1.5013418462555737,
        12.634662978659849
    ],
    "test_ICAO": "KABR",
    "nearby_ICAO": [
        "KATY",
        "KHON",
        "KJMS",
        "KFAR",
        "KBIS"
    ],
    "nearby_WBAN": [
        14946,
        14936,
        14919,
        14914,
        24011
    ],
    "test_USAF": 726590
}
