{
    "GPmodel": "SExSE",
    "mll": -80107.14294958733,
    "test_WBAN": 13722,
    "nearby_USAF": [
        723030,
        746930,
        724106,
        723066,
        723067
    ],
    "logNoise": -0.8559087765723928,
    "hyp": [
        -0.8559087765723928,
        0.819248746591355,
        1.4321388166139486,
        11.603757084106475
    ],
    "test_ICAO": "KRDU",
    "nearby_ICAO": [
        "KPOB",
        "KFBG",
        "KDAN",
        "KGSB",
        "KISO"
    ],
    "nearby_WBAN": [
        13714,
        93737,
        13728,
        13713,
        93726
    ],
    "test_USAF": 723060
}
