{
    "GPmodel": "SExSE",
    "mll": -83090.91829201457,
    "test_WBAN": 3820,
    "nearby_USAF": [
        723100,
        723110,
        722070,
        747900,
        723120
    ],
    "logNoise": -0.7579658918265028,
    "hyp": [
        -0.7579658918265028,
        0.8854942203314572,
        1.2833879095278575,
        12.268188877664308
    ],
    "test_ICAO": "KAGS",
    "nearby_ICAO": [
        "KCAE",
        "KAHN",
        "KSAV",
        "KSSC",
        "KGSP"
    ],
    "nearby_WBAN": [
        13883,
        13873,
        3822,
        13849,
        3870
    ],
    "test_USAF": 722180
}
