{
    "GPmodel": "SExSE",
    "mll": -77797.57475298873,
    "test_WBAN": 13957,
    "nearby_USAF": [
        722485,
        723418,
        723419,
        722448,
        722446
    ],
    "logNoise": -0.698602796636608,
    "hyp": [
        -0.698602796636608,
        0.8715512924971516,
        1.314416030756459,
        12.401714704897397
    ],
    "test_ICAO": "KSHV",
    "nearby_ICAO": [
        "KBAD",
        "KTXK",
        "KELD",
        "KTYR",
        "KLFK"
    ],
    "nearby_WBAN": [
        13944,
        13977,
        93992,
        13972,
        93987
    ],
    "test_USAF": 722480
}
