{
    "GPmodel": "SExSE",
    "mll": -81339.45284370572,
    "test_WBAN": 14944,
    "nearby_USAF": [
        725570,
        726540,
        726546,
        725560,
        726590
    ],
    "logNoise": -0.7346764951519584,
    "hyp": [
        -0.7346764951519584,
        0.8750073626813981,
        1.4428955965562489,
        12.561156693927897
    ],
    "test_ICAO": "KFSD",
    "nearby_ICAO": [
        "KSUX",
        "KHON",
        "KATY",
        "KOFK",
        "KABR"
    ],
    "nearby_WBAN": [
        14943,
        14936,
        14946,
        14941,
        14929
    ],
    "test_USAF": 726510
}
