{
    "GPmodel": "SExSE",
    "mll": -81454.03984202238,
    "test_WBAN": 13740,
    "nearby_USAF": [
        723087,
        745980,
        723080,
        724037,
        745940
    ],
    "logNoise": -0.8669252174147308,
    "hyp": [
        -0.8669252174147308,
        0.7874895490427422,
        1.285913294773974,
        11.395725132618043
    ],
    "test_ICAO": "KRIC",
    "nearby_ICAO": [
        "KFAF",
        "KLFI",
        "KORF",
        "KDAA",
        "KADW"
    ],
    "nearby_WBAN": [
        93735,
        13702,
        13737,
        93728,
        13705
    ],
    "test_USAF": 724010
}
