{
    "GPmodel": "SExSE",
    "mll": -87286.29618629575,
    "test_WBAN": 13883,
    "nearby_USAF": [
        747900,
        722180,
        723106,
        999999,
        723140
    ],
    "logNoise": -0.6951643950823363,
    "hyp": [
        -0.6951643950823363,
        0.8418336400414281,
        1.3147714672,
        12.285081480441413
    ],
    "test_ICAO": "KCAE",
    "nearby_ICAO": [
        "KSSC",
        "KAGS",
        "KFLO",
        "SPA",
        "KCLT"
    ],
    "nearby_WBAN": [
        13849,
        3820,
        13744,
        93804,
        13881
    ],
    "test_USAF": 723100
}
