{
    "GPmodel": "SExSE",
    "mll": -81339.45278170887,
    "test_WBAN": 14944,
    "nearby_USAF": [
        725570,
        726540,
        726546,
        725560,
        726590
    ],
    "logNoise": -0.7346570573213643,
    "hyp": [
        -0.7346570573213643,
        0.8749761356374782,
        1.4428320063413738,
        12.5611348914807
    ],
    "test_ICAO": "KFSD",
    "nearby_ICAO": [
        "KSUX",
        "KHON",
        "KATY",
        "KOFK",
        "KABR"
    ],
    "nearby_WBAN": [
        14943,
        14936,
        14946,
        14941,
        14929
    ],
    "test_USAF": 726510
}
