{
    "GPmodel": "SExSE",
    "mll": -104135.98426685247,
    "test_WBAN": 93129,
    "nearby_USAF": [
        724735,
        723865,
        724860,
        723860,
        723870
    ],
    "logNoise": -0.19028963018549122,
    "hyp": [
        -0.19028963018549122,
        1.1339898477365995,
        1.6348500948211135,
        12.708086896766197
    ],
    "test_ICAO": "KCDC",
    "nearby_ICAO": [
        "KHVE",
        "KLSV",
        "KELY",
        "KLAS",
        "KDRA"
    ],
    "nearby_WBAN": [
        23170,
        23112,
        23154,
        23169,
        3160
    ],
    "test_USAF": 724755
}
