{
    "GPmodel": "SExSE",
    "mll": -92580.56820894926,
    "test_WBAN": 14841,
    "nearby_USAF": [
        727340,
        726390,
        726395,
        726360,
        726450
    ],
    "logNoise": -0.8769334854982673,
    "hyp": [
        -0.8769334854982673,
        0.80187833814058,
        1.2774575421348098,
        12.256257164901012
    ],
    "test_ICAO": "KPLN",
    "nearby_ICAO": [
        "KANJ",
        "KAPN",
        "KOSC",
        "KMKG",
        "KGRB"
    ],
    "nearby_WBAN": [
        14847,
        94849,
        14808,
        14840,
        14898
    ],
    "test_USAF": 727347
}
