{
    "GPmodel": "SExSE",
    "mll": -77797.57483251144,
    "test_WBAN": 13957,
    "nearby_USAF": [
        722485,
        723418,
        723419,
        722448,
        722446
    ],
    "logNoise": -0.6985937871389395,
    "hyp": [
        -0.6985937871389395,
        0.8715491031171715,
        1.3143916644358122,
        12.401634424325684
    ],
    "test_ICAO": "KSHV",
    "nearby_ICAO": [
        "KBAD",
        "KTXK",
        "KELD",
        "KTYR",
        "KLFK"
    ],
    "nearby_WBAN": [
        13944,
        13977,
        93992,
        13972,
        93987
    ],
    "test_USAF": 722480
}
