{
    "GPmodel": "SExSE",
    "mll": -76407.12583262076,
    "test_WBAN": 14737,
    "nearby_USAF": [
        725130,
        724080,
        724096,
        725030,
        725140
    ],
    "logNoise": -0.8849666293947737,
    "hyp": [
        -0.8849666293947737,
        0.9583758089314917,
        1.2028382520429433,
        11.881567680096499
    ],
    "test_ICAO": "KABE",
    "nearby_ICAO": [
        "KAVP",
        "KPHL",
        "KWRI",
        "KLGA",
        "KIPT"
    ],
    "nearby_WBAN": [
        14777,
        13739,
        14706,
        14732,
        14778
    ],
    "test_USAF": 725170
}
