{
    "GPmodel": "SExSE",
    "mll": -81313.40730765299,
    "test_WBAN": 13876,
    "nearby_USAF": [
        722287,
        722286,
        723230,
        722265,
        722260
    ],
    "logNoise": -0.6522360399047021,
    "hyp": [
        -0.6522360399047021,
        0.8689405051211234,
        1.2713057634080227,
        12.360595583978139
    ],
    "test_ICAO": "KBHM",
    "nearby_ICAO": [
        "KANB",
        "KTCL",
        "KHSV",
        "KMXF",
        "KMGM"
    ],
    "nearby_WBAN": [
        13871,
        93806,
        3856,
        13821,
        13895
    ],
    "test_USAF": 722280
}
