{
    "GPmodel": "SExSE",
    "mll": -75784.42356233392,
    "test_WBAN": 13995,
    "nearby_USAF": [
        723495,
        724457,
        723445,
        724467,
        724450
    ],
    "logNoise": -0.763916779878341,
    "hyp": [
        -0.763916779878341,
        0.8904645468974024,
        1.312583886637957,
        12.465684672388573
    ],
    "test_ICAO": "KSGF",
    "nearby_ICAO": [
        "KJLN",
        "KTBN",
        "KFYV",
        "KSZL",
        "KCOU"
    ],
    "nearby_WBAN": [
        13987,
        3938,
        93993,
        13930,
        3945
    ],
    "test_USAF": 724400
}
