{
    "GPmodel": "SExSE",
    "mll": -86936.01996868876,
    "test_WBAN": 13894,
    "nearby_USAF": [
        747686,
        747770,
        722215,
        722210,
        722340
    ],
    "logNoise": -0.7100052644928919,
    "hyp": [
        -0.7100052644928919,
        0.8452932472413618,
        1.3813569576918594,
        11.438934160942125
    ],
    "test_ICAO": "KMOB",
    "nearby_ICAO": [
        "KBIX",
        "KHRT",
        "KCEW",
        "KVPS",
        "KMEI"
    ],
    "nearby_WBAN": [
        13820,
        3852,
        13884,
        13858,
        13865
    ],
    "test_USAF": 722230
}
