{
    "GPmodel": "SExSE",
    "mll": -63008.601585127566,
    "test_WBAN": 94789,
    "nearby_USAF": [
        725030,
        725040,
        724096,
        725038,
        725170
    ],
    "logNoise": -0.8337188766676884,
    "hyp": [
        -0.8337188766676884,
        0.977828482119942,
        1.2308605373493784,
        11.817922220389077
    ],
    "test_ICAO": "KJFK",
    "nearby_ICAO": [
        "KLGA",
        "KBDR",
        "KWRI",
        "KSWF",
        "KABE"
    ],
    "nearby_WBAN": [
        14732,
        94702,
        14706,
        14714,
        14737
    ],
    "test_USAF": 744860
}
