{
    "GPmodel": "SExSE",
    "mll": -71942.71550565539,
    "test_WBAN": 14920,
    "nearby_USAF": [
        726436,
        726435,
        725480,
        726410,
        725485
    ],
    "logNoise": -0.7814999548647235,
    "hyp": [
        -0.7814999548647235,
        0.9658424639494405,
        1.3221920997664343,
        12.468947287575611
    ],
    "test_ICAO": "KLSE",
    "nearby_ICAO": [
        "KVOK",
        "KEAU",
        "KALO",
        "KMSN",
        "KMCW"
    ],
    "nearby_WBAN": [
        94930,
        14991,
        94910,
        14837,
        14940
    ],
    "test_USAF": 726430
}
