{
    "GPmodel": "SExSE",
    "mll": -95613.66802785796,
    "test_WBAN": 24156,
    "nearby_USAF": [
        725755,
        725720,
        725810,
        726815,
        725760
    ],
    "logNoise": -0.45248409288436336,
    "hyp": [
        -0.45248409288436336,
        1.0581471033196688,
        1.4872248542066273,
        12.53524149316817
    ],
    "test_ICAO": "KPIH",
    "nearby_ICAO": [
        "KHIF",
        "KSLC",
        "KENV",
        "KMUO",
        "KLND"
    ],
    "nearby_WBAN": [
        24101,
        24127,
        24193,
        24106,
        24021
    ],
    "test_USAF": 725780
}
