{
    "GPmodel": "SExSE",
    "mll": -96400.40410985154,
    "test_WBAN": 24033,
    "nearby_USAF": [
        726798,
        726776,
        726660,
        726797,
        727720
    ],
    "logNoise": -0.22679193782179055,
    "hyp": [
        -0.22679193782179055,
        1.1266155695198223,
        1.6714309293296232,
        12.074813281694071
    ],
    "test_ICAO": "KBIL",
    "nearby_ICAO": [
        "KLVM",
        "KLWT",
        "KSHR",
        "KBZN",
        "KHLN"
    ],
    "nearby_WBAN": [
        24150,
        24036,
        24029,
        24132,
        24144
    ],
    "test_USAF": 726770
}
