{
    "GPmodel": "SExSE",
    "mll": -83459.1570893162,
    "test_WBAN": 13741,
    "nearby_USAF": [
        724100,
        724106,
        724170,
        724140,
        723060
    ],
    "logNoise": -0.6867279490634018,
    "hyp": [
        -0.6867279490634018,
        0.9548816120498459,
        1.3947490972866976,
        12.231322879227584
    ],
    "test_ICAO": "KROA",
    "nearby_ICAO": [
        "KLYH",
        "KDAN",
        "KEKN",
        "KCRW",
        "KRDU"
    ],
    "nearby_WBAN": [
        13733,
        13728,
        13729,
        13866,
        13722
    ],
    "test_USAF": 724110
}
