{
    "GPmodel": "SExSE",
    "mll": -75784.42354130471,
    "test_WBAN": 13995,
    "nearby_USAF": [
        723495,
        724457,
        723445,
        724467,
        724450
    ],
    "logNoise": -0.7639269392274793,
    "hyp": [
        -0.7639269392274793,
        0.8904602464541443,
        1.312626239632695,
        12.465716014479211
    ],
    "test_ICAO": "KSGF",
    "nearby_ICAO": [
        "KJLN",
        "KTBN",
        "KFYV",
        "KSZL",
        "KCOU"
    ],
    "nearby_WBAN": [
        13987,
        3938,
        93993,
        13930,
        3945
    ],
    "test_USAF": 724400
}
