{
    "GPmodel": "SExSE",
    "mll": -72397.91596676831,
    "test_WBAN": 14839,
    "nearby_USAF": [
        726405,
        725300,
        726410,
        725430,
        726360
    ],
    "logNoise": -0.7406318628567604,
    "hyp": [
        -0.7406318628567604,
        0.9839578515852528,
        1.245868779457814,
        12.234823579172224
    ],
    "test_ICAO": "KMKE",
    "nearby_ICAO": [
        "KMWC",
        "KORD",
        "KMSN",
        "KRFD",
        "KMKG"
    ],
    "nearby_WBAN": [
        94869,
        94846,
        14837,
        94822,
        14840
    ],
    "test_USAF": 726400
}
