{
    "GPmodel": "SExSE",
    "mll": -80107.14302632648,
    "test_WBAN": 13722,
    "nearby_USAF": [
        723030,
        746930,
        724106,
        723066,
        723067
    ],
    "logNoise": -0.8558865223699569,
    "hyp": [
        -0.8558865223699569,
        0.8192704207677897,
        1.4322176401068967,
        11.603797823649375
    ],
    "test_ICAO": "KRDU",
    "nearby_ICAO": [
        "KPOB",
        "KFBG",
        "KDAN",
        "KGSB",
        "KISO"
    ],
    "nearby_WBAN": [
        13714,
        93737,
        13728,
        13713,
        93726
    ],
    "test_USAF": 723060
}
