{
    "GPmodel": "SExSE",
    "mll": -88598.35488691546,
    "test_WBAN": 13865,
    "nearby_USAF": [
        722350,
        722286,
        723306,
        722230,
        722358
    ],
    "logNoise": -0.7348438390721136,
    "hyp": [
        -0.7348438390721136,
        0.7503550214585512,
        1.2786221364513661,
        12.45959690204183
    ],
    "test_ICAO": "KMEI",
    "nearby_ICAO": [
        "KJAN",
        "KTCL",
        "KCBM",
        "KMOB",
        "KMCB"
    ],
    "nearby_WBAN": [
        3940,
        93806,
        13825,
        13894,
        93919
    ],
    "test_USAF": 722340
}
