{
    "GPmodel": "SExSE",
    "mll": -79275.96609495387,
    "test_WBAN": 13739,
    "nearby_USAF": [
        724096,
        724075,
        724070,
        724088,
        725170
    ],
    "logNoise": -0.79156923657696,
    "hyp": [
        -0.79156923657696,
        0.9086141137937978,
        1.2832591979371109,
        11.630082518524967
    ],
    "test_ICAO": "KPHL",
    "nearby_ICAO": [
        "KWRI",
        "KMIV",
        "KACY",
        "KDOV",
        "KABE"
    ],
    "nearby_WBAN": [
        14706,
        13735,
        93730,
        13707,
        14737
    ],
    "test_USAF": 724080
}
