{
    "GPmodel": "SExSE",
    "mll": -89024.48296117343,
    "test_WBAN": 93817,
    "nearby_USAF": [
        724240,
        746710,
        746716,
        724338,
        724380
    ],
    "logNoise": -0.7828029487919999,
    "hyp": [
        -0.7828029487919999,
        0.8802346616414009,
        1.2962690748218861,
        12.430504023240623
    ],
    "test_ICAO": "KEVV",
    "nearby_ICAO": [
        "KFTK",
        "KHOP",
        "KBWG",
        "KBLV",
        "KIND"
    ],
    "nearby_WBAN": [
        13807,
        13806,
        93808,
        13802,
        93819
    ],
    "test_USAF": 724320
}
