{
    "GPmodel": "SExSE",
    "mll": -99482.48920033642,
    "test_WBAN": 93058,
    "nearby_USAF": [
        724680,
        724660,
        745310,
        724635,
        724645
    ],
    "logNoise": -0.2748875393272546,
    "hyp": [
        -0.2748875393272546,
        0.9434595902652282,
        1.6571404018299067,
        11.459053731544309
    ],
    "test_ICAO": "KPUB",
    "nearby_ICAO": [
        "KFCS",
        "KCOS",
        "KAFF",
        "KLHX",
        "KTAD"
    ],
    "nearby_WBAN": [
        94015,
        93037,
        93065,
        23067,
        23070
    ],
    "test_USAF": 724640
}
