{
    "GPmodel": "SExSE",
    "mll": -75300.841654743,
    "test_WBAN": 94847,
    "nearby_USAF": [
        725375,
        725377,
        725360,
        726370,
        725395
    ],
    "logNoise": -0.7880751040504438,
    "hyp": [
        -0.7880751040504438,
        0.9218713322851712,
        1.2898960646033113,
        11.881204102877456
    ],
    "test_ICAO": "KDTW",
    "nearby_ICAO": [
        "KDET",
        "KMTC",
        "KTOL",
        "KFNT",
        "KJXN"
    ],
    "nearby_WBAN": [
        14822,
        14804,
        94830,
        14826,
        14833
    ],
    "test_USAF": 725370
}
