{
    "GPmodel": "SExSE",
    "mll": -110405.31192466413,
    "test_WBAN": 24127,
    "nearby_USAF": [
        725755,
        725810,
        725780,
        724735,
        724860
    ],
    "logNoise": -0.369567288335464,
    "hyp": [
        -0.369567288335464,
        0.9585640515033357,
        1.577445929401149,
        12.55128367068352
    ],
    "test_ICAO": "KSLC",
    "nearby_ICAO": [
        "KHIF",
        "KENV",
        "KPIH",
        "KHVE",
        "KELY"
    ],
    "nearby_WBAN": [
        24101,
        24193,
        24156,
        23170,
        23154
    ],
    "test_USAF": 725720
}
