{
    "GPmodel": "SExSE",
    "mll": -96474.17979026792,
    "test_WBAN": 23050,
    "nearby_USAF": [
        723627,
        722680,
        724620,
        722686,
        724645
    ],
    "logNoise": -0.2709991940925868,
    "hyp": [
        -0.2709991940925868,
        0.981784554248694,
        1.6632349262293185,
        12.677122113239687
    ],
    "test_ICAO": "KABQ",
    "nearby_ICAO": [
        "KGUP",
        "KROW",
        "KALS",
        "KCVS",
        "KTAD"
    ],
    "nearby_WBAN": [
        23081,
        23009,
        23061,
        23008,
        23070
    ],
    "test_USAF": 723650
}
