{
    "GPmodel": "SExSE",
    "mll": -79093.45020718919,
    "test_WBAN": 93993,
    "nearby_USAF": [
        723440,
        723495,
        724400,
        723560,
        723405
    ],
    "logNoise": -0.7497800149369345,
    "hyp": [
        -0.7497800149369345,
        0.9063938353559859,
        1.3219206630549527,
        12.508243121283842
    ],
    "test_ICAO": "KFYV",
    "nearby_ICAO": [
        "KFSM",
        "KJLN",
        "KSGF",
        "KTUL",
        "KLRF"
    ],
    "nearby_WBAN": [
        13964,
        13987,
        13995,
        13968,
        3930
    ],
    "test_USAF": 723445
}
