{
    "GPmodel": "SExSE",
    "mll": -99482.48933590745,
    "test_WBAN": 93058,
    "nearby_USAF": [
        724680,
        724660,
        745310,
        724635,
        724645
    ],
    "logNoise": -0.2748910820520327,
    "hyp": [
        -0.2748910820520327,
        0.9434760042737149,
        1.657230340850377,
        11.459214512394245
    ],
    "test_ICAO": "KPUB",
    "nearby_ICAO": [
        "KFCS",
        "KCOS",
        "KAFF",
        "KLHX",
        "KTAD"
    ],
    "nearby_WBAN": [
        94015,
        93037,
        93065,
        23067,
        23070
    ],
    "test_USAF": 724640
}
