{
    "GPmodel": "SExSE",
    "mll": -101451.06058846296,
    "test_WBAN": 23153,
    "nearby_USAF": [
        724800,
        723870,
        724860,
        725805,
        723865
    ],
    "logNoise": -0.14018787822648698,
    "hyp": [
        -0.14018787822648698,
        1.1269669564224538,
        1.682285699996516,
        12.661816866570812
    ],
    "test_ICAO": "KTPH",
    "nearby_ICAO": [
        "KBIH",
        "KDRA",
        "KELY",
        "KLOL",
        "KLSV"
    ],
    "nearby_WBAN": [
        23157,
        3160,
        23154,
        24172,
        23112
    ],
    "test_USAF": 724855
}
