{
    "GPmodel": "SExSE",
    "mll": -80851.33975648355,
    "test_WBAN": 13968,
    "nearby_USAF": [
        723445,
        723540,
        723495,
        723440,
        723530
    ],
    "logNoise": -0.7260896418953606,
    "hyp": [
        -0.7260896418953606,
        0.9440877546698461,
        1.4080076466422229,
        11.965052599883535
    ],
    "test_ICAO": "KTUL",
    "nearby_ICAO": [
        "KFYV",
        "KTIK",
        "KJLN",
        "KFSM",
        "KOKC"
    ],
    "nearby_WBAN": [
        93993,
        13919,
        13987,
        13964,
        13967
    ],
    "test_USAF": 723560
}
