{
    "GPmodel": "SExSE",
    "mll": -79993.56469878873,
    "test_WBAN": 14942,
    "nearby_USAF": [
        725540,
        725570,
        725560,
        724490,
        725460
    ],
    "logNoise": -0.7008479545189228,
    "hyp": [
        -0.7008479545189228,
        0.9445599892176388,
        1.3869290804755454,
        12.563195653756967
    ],
    "test_ICAO": "KOMA",
    "nearby_ICAO": [
        "KOFF",
        "KSUX",
        "KOFK",
        "KSTJ",
        "KDSM"
    ],
    "nearby_WBAN": [
        14949,
        14943,
        14941,
        13993,
        14933
    ],
    "test_USAF": 725500
}
