{
    "GPmodel": "SExSE",
    "mll": -80806.08276910541,
    "test_WBAN": 13882,
    "nearby_USAF": [
        722270,
        723260,
        723230,
        722190,
        722287
    ],
    "logNoise": -0.6863977666711566,
    "hyp": [
        -0.6863977666711566,
        0.9891632053763454,
        1.3078737668142337,
        12.15992674888514
    ],
    "test_ICAO": "KCHA",
    "nearby_ICAO": [
        "KMGE",
        "KTYS",
        "KHSV",
        "KATL",
        "KANB"
    ],
    "nearby_WBAN": [
        13864,
        13891,
        3856,
        13874,
        13871
    ],
    "test_USAF": 723240
}
