{
    "GPmodel": "SExSE",
    "mll": -79993.56482270446,
    "test_WBAN": 14942,
    "nearby_USAF": [
        725540,
        725570,
        725560,
        724490,
        725460
    ],
    "logNoise": -0.7008148121603659,
    "hyp": [
        -0.7008148121603659,
        0.9445572515762518,
        1.3868598164944994,
        12.563119610769034
    ],
    "test_ICAO": "KOMA",
    "nearby_ICAO": [
        "KOFF",
        "KSUX",
        "KOFK",
        "KSTJ",
        "KDSM"
    ],
    "nearby_WBAN": [
        14949,
        14943,
        14941,
        13993,
        14933
    ],
    "test_USAF": 725500
}
