{
    "GPmodel": "SExSE",
    "mll": -82233.49022619268,
    "test_WBAN": 13897,
    "nearby_USAF": [
        746710,
        746716,
        723230,
        723235,
        723240
    ],
    "logNoise": -0.7064836067862678,
    "hyp": [
        -0.7064836067862678,
        0.9347948784535827,
        1.3068820977305344,
        12.358117146350878
    ],
    "test_ICAO": "KBNA",
    "nearby_ICAO": [
        "KHOP",
        "KBWG",
        "KHSV",
        "KMSL",
        "KCHA"
    ],
    "nearby_WBAN": [
        13806,
        93808,
        3856,
        13896,
        13882
    ],
    "test_USAF": 723270
}
