{
    "GPmodel": "SExSE",
    "mll": -88598.35484500938,
    "test_WBAN": 13865,
    "nearby_USAF": [
        722350,
        722286,
        723306,
        722230,
        722358
    ],
    "logNoise": -0.7348373814201135,
    "hyp": [
        -0.7348373814201135,
        0.7503687397445501,
        1.2786365223295775,
        12.459650091895924
    ],
    "test_ICAO": "KMEI",
    "nearby_ICAO": [
        "KJAN",
        "KTCL",
        "KCBM",
        "KMOB",
        "KMCB"
    ],
    "nearby_WBAN": [
        3940,
        93806,
        13825,
        13894,
        93919
    ],
    "test_USAF": 722340
}
