{
    "GPmodel": "SExSE",
    "mll": -70434.46936904482,
    "test_WBAN": 14922,
    "nearby_USAF": [
        726435,
        725485,
        726430,
        726557,
        727450
    ],
    "logNoise": -0.8278908093932337,
    "hyp": [
        -0.8278908093932337,
        1.040610368535465,
        1.3195125706196238,
        12.719823514467699
    ],
    "test_ICAO": "KMSP",
    "nearby_ICAO": [
        "KEAU",
        "KMCW",
        "KLSE",
        "KAXN",
        "KDLH"
    ],
    "nearby_WBAN": [
        14991,
        14940,
        14920,
        14910,
        14913
    ],
    "test_USAF": 726580
}
