{
    "GPmodel": "SExSE",
    "mll": -85980.13368474416,
    "test_WBAN": 24011,
    "nearby_USAF": [
        727535,
        727676,
        727675,
        726590,
        727670
    ],
    "logNoise": -0.6337186277375859,
    "hyp": [
        -0.6337186277375859,
        0.9882269442428404,
        1.6018103449897791,
        12.25801507761832
    ],
    "test_ICAO": "KBIS",
    "nearby_ICAO": [
        "KJMS",
        "KMOT",
        "KMIB",
        "KABR",
        "KISN"
    ],
    "nearby_WBAN": [
        14919,
        24013,
        94011,
        14929,
        94014
    ],
    "test_USAF": 727640
}
