{
    "GPmodel": "SExSE",
    "mll": -80628.90707055782,
    "test_WBAN": 13866,
    "nearby_USAF": [
        724250,
        724170,
        724286,
        724110,
        724280
    ],
    "logNoise": -0.758009680954745,
    "hyp": [
        -0.758009680954745,
        0.9562338832752941,
        1.327211646711854,
        12.425102114041158
    ],
    "test_ICAO": "KCRW",
    "nearby_ICAO": [
        "KHTS",
        "KEKN",
        "KZZV",
        "KROA",
        "KCMH"
    ],
    "nearby_WBAN": [
        3860,
        13729,
        93824,
        13741,
        14821
    ],
    "test_USAF": 724140
}
