{
    "GPmodel": "SExSE",
    "mll": -96400.40411575299,
    "test_WBAN": 24033,
    "nearby_USAF": [
        726798,
        726776,
        726660,
        726797,
        727720
    ],
    "logNoise": -0.2267917995154697,
    "hyp": [
        -0.2267917995154697,
        1.1266280169967495,
        1.6714397106779049,
        12.074792754416208
    ],
    "test_ICAO": "KBIL",
    "nearby_ICAO": [
        "KLVM",
        "KLWT",
        "KSHR",
        "KBZN",
        "KHLN"
    ],
    "nearby_WBAN": [
        24150,
        24036,
        24029,
        24132,
        24144
    ],
    "test_USAF": 726770
}
