{
    "GPmodel": "SExSE",
    "mll": -73237.74218310913,
    "test_WBAN": 14703,
    "nearby_USAF": [
        725080,
        725070,
        725180,
        725040,
        725090
    ],
    "logNoise": -0.8240472315521801,
    "hyp": [
        -0.8240472315521801,
        0.983748793884334,
        1.2043710584736764,
        12.093809736560921
    ],
    "test_ICAO": "KCEF",
    "nearby_ICAO": [
        "KBDL",
        "KPVD",
        "KALB",
        "KBDR",
        "KBOS"
    ],
    "nearby_WBAN": [
        14740,
        14765,
        14735,
        94702,
        14739
    ],
    "test_USAF": 744910
}
