{
    "GPmodel": "SExSE",
    "mll": -86763.46194480929,
    "test_WBAN": 94705,
    "nearby_USAF": [
        726170,
        726050,
        725180,
        726060,
        744910
    ],
    "logNoise": -0.8133808124976857,
    "hyp": [
        -0.8133808124976857,
        0.8724428383165364,
        1.2992886100199126,
        12.308297430709064
    ],
    "test_ICAO": "KMPV",
    "nearby_ICAO": [
        "KBTV",
        "KCON",
        "KALB",
        "KPWM",
        "KCEF"
    ],
    "nearby_WBAN": [
        14742,
        14745,
        14735,
        14764,
        14703
    ],
    "test_USAF": 726145
}
