{
    "GPmodel": "SExSE",
    "mll": -66540.81147540716,
    "test_WBAN": 14740,
    "nearby_USAF": [
        744910,
        725040,
        725070,
        725038,
        725180
    ],
    "logNoise": -0.8058341360886747,
    "hyp": [
        -0.8058341360886747,
        0.9226295315020063,
        1.2156252799472889,
        12.100527975733309
    ],
    "test_ICAO": "KBDL",
    "nearby_ICAO": [
        "KCEF",
        "KBDR",
        "KPVD",
        "KSWF",
        "KALB"
    ],
    "nearby_WBAN": [
        14703,
        94702,
        14765,
        14714,
        14735
    ],
    "test_USAF": 725080
}
