{
    "GPmodel": "SExSE",
    "mll": -90924.10440859427,
    "test_WBAN": 24143,
    "nearby_USAF": [
        727755,
        727720,
        726776,
        727770,
        726797
    ],
    "logNoise": -0.3068923486628514,
    "hyp": [
        -0.3068923486628514,
        1.074205265738548,
        1.5649697009037373,
        12.356045559197902
    ],
    "test_ICAO": "KGTF",
    "nearby_ICAO": [
        "KGFA",
        "KHLN",
        "KLWT",
        "KHVR",
        "KBZN"
    ],
    "nearby_WBAN": [
        24112,
        24144,
        24036,
        94012,
        24132
    ],
    "test_USAF": 727750
}
