{
    "GPmodel": "SExSE",
    "mll": -94058.97572289652,
    "test_WBAN": 24130,
    "nearby_USAF": [
        726885,
        726880,
        726830,
        726815,
        727810
    ],
    "logNoise": -0.47914078238663804,
    "hyp": [
        -0.47914078238663804,
        0.9935623708303309,
        1.6766548804658157,
        11.815562437580827
    ],
    "test_ICAO": "KBKE",
    "nearby_ICAO": [
        "KMEH",
        "KPDT",
        "KBNO",
        "KMUO",
        "KYKM"
    ],
    "nearby_WBAN": [
        24152,
        24155,
        94185,
        24106,
        24243
    ],
    "test_USAF": 726886
}
