{
    "GPmodel": "SExSE",
    "mll": -85025.21408847487,
    "test_WBAN": 13874,
    "nearby_USAF": [
        722270,
        723110,
        722170,
        722287,
        722175
    ],
    "logNoise": -0.6846237693810227,
    "hyp": [
        -0.6846237693810227,
        0.8782498559357536,
        1.3127712283523862,
        12.184814513814542
    ],
    "test_ICAO": "KATL",
    "nearby_ICAO": [
        "KMGE",
        "KAHN",
        "KMCN",
        "KANB",
        "KWRB"
    ],
    "nearby_WBAN": [
        13864,
        13873,
        3813,
        13871,
        13860
    ],
    "test_USAF": 722190
}
