{
    "GPmodel": "SExSE",
    "mll": -70434.46937327167,
    "test_WBAN": 14922,
    "nearby_USAF": [
        726435,
        725485,
        726430,
        726557,
        727450
    ],
    "logNoise": -0.8278878971696115,
    "hyp": [
        -0.8278878971696115,
        1.0406071058727486,
        1.3195261202180453,
        12.719840831328302
    ],
    "test_ICAO": "KMSP",
    "nearby_ICAO": [
        "KEAU",
        "KMCW",
        "KLSE",
        "KAXN",
        "KDLH"
    ],
    "nearby_WBAN": [
        14991,
        14940,
        14920,
        14910,
        14913
    ],
    "test_USAF": 726580
}
