{
    "GPmodel": "SExSE",
    "mll": -80208.86192901498,
    "test_WBAN": 14764,
    "nearby_USAF": [
        726185,
        726050,
        725090,
        726145,
        725070
    ],
    "logNoise": -0.8022157140370814,
    "hyp": [
        -0.8022157140370814,
        1.0284146945592323,
        1.3381693216086477,
        11.950060568716038
    ],
    "test_ICAO": "KPWM",
    "nearby_ICAO": [
        "KAUG",
        "KCON",
        "KBOS",
        "KMPV",
        "KPVD"
    ],
    "nearby_WBAN": [
        14605,
        14745,
        14739,
        94705,
        14765
    ],
    "test_USAF": 726060
}
