{
    "GPmodel": "SExSE",
    "mll": -53981.00805394235,
    "test_WBAN": 23188,
    "nearby_USAF": [
        722860,
        722925,
        999999,
        722890,
        723825
    ],
    "logNoise": -0.41725267975190383,
    "hyp": [
        -0.41725267975190383,
        1.049820816125438,
        1.5138266797378495,
        11.804135458947089
    ],
    "test_ICAO": "KSAN",
    "nearby_ICAO": [
        "KRIV",
        "KNUC",
        "KSBD",
        "KMWS",
        "KVCV"
    ],
    "nearby_WBAN": [
        23119,
        93117,
        23122,
        93136,
        23131
    ],
    "test_USAF": 722900
}
