{
    "GPmodel": "SExSE",
    "mll": -79275.96609771065,
    "test_WBAN": 13739,
    "nearby_USAF": [
        724096,
        724075,
        724070,
        724088,
        725170
    ],
    "logNoise": -0.7915717279908476,
    "hyp": [
        -0.7915717279908476,
        0.908613586005056,
        1.283278797413665,
        11.630092948439612
    ],
    "test_ICAO": "KPHL",
    "nearby_ICAO": [
        "KWRI",
        "KMIV",
        "KACY",
        "KDOV",
        "KABE"
    ],
    "nearby_WBAN": [
        14706,
        13735,
        93730,
        13707,
        14737
    ],
    "test_USAF": 724080
}
