{
    "GPmodel": "SExSE",
    "mll": -85594.67991667631,
    "test_WBAN": 93721,
    "nearby_USAF": [
        745940,
        724050,
        724037,
        724030,
        724088
    ],
    "logNoise": -0.7753792639177367,
    "hyp": [
        -0.7753792639177367,
        0.9543687570534841,
        1.3855104810520722,
        10.773961542764644
    ],
    "test_ICAO": "KBWI",
    "nearby_ICAO": [
        "KADW",
        "KDCA",
        "KDAA",
        "KIAD",
        "KDOV"
    ],
    "nearby_WBAN": [
        13705,
        13743,
        93728,
        93738,
        13707
    ],
    "test_USAF": 724060
}
