{
    "GPmodel": "SExSE",
    "mll": -83740.6815914285,
    "test_WBAN": 14739,
    "nearby_USAF": [
        725070,
        726050,
        744910,
        725080,
        726060
    ],
    "logNoise": -0.7890958410833808,
    "hyp": [
        -0.7890958410833808,
        0.9159485095013207,
        1.28696499631792,
        11.901673714141062
    ],
    "test_ICAO": "KBOS",
    "nearby_ICAO": [
        "KPVD",
        "KCON",
        "KCEF",
        "KBDL",
        "KPWM"
    ],
    "nearby_WBAN": [
        14765,
        14745,
        14703,
        14740,
        14764
    ],
    "test_USAF": 725090
}
