{
    "GPmodel": "SExSE",
    "mll": -83090.91839937305,
    "test_WBAN": 3820,
    "nearby_USAF": [
        723100,
        723110,
        722070,
        747900,
        723120
    ],
    "logNoise": -0.7579521906926743,
    "hyp": [
        -0.7579521906926743,
        0.8855351565340855,
        1.2834892160173654,
        12.268265666357074
    ],
    "test_ICAO": "KAGS",
    "nearby_ICAO": [
        "KCAE",
        "KAHN",
        "KSAV",
        "KSSC",
        "KGSP"
    ],
    "nearby_WBAN": [
        13883,
        13873,
        3822,
        13849,
        3870
    ],
    "test_USAF": 722180
}
