{
    "GPmodel": "SExSE",
    "mll": -96474.179826956,
    "test_WBAN": 23050,
    "nearby_USAF": [
        723627,
        722680,
        724620,
        722686,
        724645
    ],
    "logNoise": -0.2710319134739209,
    "hyp": [
        -0.2710319134739209,
        0.9817602450842061,
        1.66324176542593,
        12.677140236590871
    ],
    "test_ICAO": "KABQ",
    "nearby_ICAO": [
        "KGUP",
        "KROW",
        "KALS",
        "KCVS",
        "KTAD"
    ],
    "nearby_WBAN": [
        23081,
        23009,
        23061,
        23008,
        23070
    ],
    "test_USAF": 723650
}
