{
    "GPmodel": "SExSE",
    "mll": -76724.05959581045,
    "test_WBAN": 14913,
    "nearby_USAF": [
        727455,
        727470,
        726435,
        726580,
        726557
    ],
    "logNoise": -0.8312084286524001,
    "hyp": [
        -0.8312084286524001,
        0.9279271407534239,
        1.4128938615063367,
        12.77218561775895
    ],
    "test_ICAO": "KDLH",
    "nearby_ICAO": [
        "KHIB",
        "KINL",
        "KEAU",
        "KMSP",
        "KAXN"
    ],
    "nearby_WBAN": [
        94931,
        14918,
        14991,
        14922,
        14910
    ],
    "test_USAF": 727450
}
