{
    "GPmodel": "SExSE",
    "mll": -77353.9380629896,
    "test_WBAN": 14821,
    "nearby_USAF": [
        724286,
        745700,
        724290,
        724297,
        724250
    ],
    "logNoise": -0.7399789135828889,
    "hyp": [
        -0.7399789135828889,
        1.0258201449576554,
        1.3921905597170117,
        12.06963615275448
    ],
    "test_ICAO": "KCMH",
    "nearby_ICAO": [
        "KZZV",
        "KFFO",
        "KDAY",
        "KLUK",
        "KHTS"
    ],
    "nearby_WBAN": [
        93824,
        13840,
        93815,
        93812,
        3860
    ],
    "test_USAF": 724280
}
