{
    "GPmodel": "SExSE",
    "mll": -79247.15742515736,
    "test_WBAN": 93822,
    "nearby_USAF": [
        724340,
        724338,
        725440,
        724450,
        725430
    ],
    "logNoise": -0.8118965310174104,
    "hyp": [
        -0.8118965310174104,
        0.9978919079507339,
        1.3786476058343327,
        12.20131938291306
    ],
    "test_ICAO": "KSPI",
    "nearby_ICAO": [
        "KSTL",
        "KBLV",
        "KMLI",
        "KCOU",
        "KRFD"
    ],
    "nearby_WBAN": [
        13994,
        13802,
        14923,
        3945,
        94822
    ],
    "test_USAF": 724390
}
