{
    "GPmodel": "SExSE",
    "mll": -102587.2884307827,
    "test_WBAN": 23169,
    "nearby_USAF": [
        723865,
        723870,
        723825,
        724755,
        747188
    ],
    "logNoise": -0.21928779830011488,
    "hyp": [
        -0.21928779830011488,
        1.1961998323308647,
        1.5777822325082007,
        12.69366792134014
    ],
    "test_ICAO": "KLAS",
    "nearby_ICAO": [
        "KLSV",
        "KDRA",
        "KVCV",
        "KCDC",
        "KBLH"
    ],
    "nearby_WBAN": [
        23112,
        3160,
        23131,
        93129,
        23158
    ],
    "test_USAF": 723860
}
