{
    "GPmodel": "SExSE",
    "mll": -87726.39917578718,
    "test_WBAN": 24233,
    "nearby_USAF": [
        742060,
        727920,
        727810,
        727910,
        726940
    ],
    "logNoise": -0.7866406035360484,
    "hyp": [
        -0.7866406035360484,
        0.9013436704824991,
        1.330308523358824,
        11.940077885079573
    ],
    "test_ICAO": "KSEA",
    "nearby_ICAO": [
        "KTCM",
        "KOLM",
        "KYKM",
        "KAST",
        "KSLE"
    ],
    "nearby_WBAN": [
        24207,
        24227,
        24243,
        94224,
        24232
    ],
    "test_USAF": 727930
}
