{
    "GPmodel": "SExSE",
    "mll": -82654.6642708544,
    "test_WBAN": 14605,
    "nearby_USAF": [
        726060,
        726196,
        726050,
        726145,
        725090
    ],
    "logNoise": -0.8006087862136211,
    "hyp": [
        -0.8006087862136211,
        0.9831111926806844,
        1.3155974203226655,
        12.098804783241802
    ],
    "test_ICAO": "KAUG",
    "nearby_ICAO": [
        "KPWM",
        "KMLT",
        "KCON",
        "KMPV",
        "KBOS"
    ],
    "nearby_WBAN": [
        14764,
        14610,
        14745,
        94705,
        14739
    ],
    "test_USAF": 726185
}
