{
    "GPmodel": "SExSE",
    "mll": -63008.60164116011,
    "test_WBAN": 94789,
    "nearby_USAF": [
        725030,
        725040,
        724096,
        725038,
        725170
    ],
    "logNoise": -0.8337442241503349,
    "hyp": [
        -0.8337442241503349,
        0.9777946462228946,
        1.2307993490604001,
        11.817864900642357
    ],
    "test_ICAO": "KJFK",
    "nearby_ICAO": [
        "KLGA",
        "KBDR",
        "KWRI",
        "KSWF",
        "KABE"
    ],
    "nearby_WBAN": [
        14732,
        94702,
        14706,
        14714,
        14737
    ],
    "test_USAF": 744860
}
