{
    "GPmodel": "SExSE",
    "mll": -99617.2440227573,
    "test_WBAN": 93037,
    "nearby_USAF": [
        724680,
        745310,
        724640,
        724695,
        724635
    ],
    "logNoise": -0.3210411766343918,
    "hyp": [
        -0.3210411766343918,
        0.9635175023209702,
        1.5925380307818562,
        11.292266695728342
    ],
    "test_ICAO": "KCOS",
    "nearby_ICAO": [
        "KFCS",
        "KAFF",
        "KPUB",
        "KBKF",
        "KLHX"
    ],
    "nearby_WBAN": [
        94015,
        93065,
        93058,
        23036,
        23067
    ],
    "test_USAF": 724660
}
