{
    "GPmodel": "SExSE",
    "mll": -83460.74159939837,
    "test_WBAN": 14765,
    "nearby_USAF": [
        725090,
        744910,
        725080,
        725040,
        726050
    ],
    "logNoise": -0.7777411227853565,
    "hyp": [
        -0.7777411227853565,
        0.9615806220471274,
        1.2968692606486243,
        11.701720504857843
    ],
    "test_ICAO": "KPVD",
    "nearby_ICAO": [
        "KBOS",
        "KCEF",
        "KBDL",
        "KBDR",
        "KCON"
    ],
    "nearby_WBAN": [
        14739,
        14703,
        14740,
        94702,
        14745
    ],
    "test_USAF": 725070
}
