{
    "GPmodel": "SExSE",
    "mll": -77353.93823908566,
    "test_WBAN": 14821,
    "nearby_USAF": [
        724286,
        745700,
        724290,
        724297,
        724250
    ],
    "logNoise": -0.7399138189380662,
    "hyp": [
        -0.7399138189380662,
        1.025864019301699,
        1.392250858073548,
        12.069725934563532
    ],
    "test_ICAO": "KCMH",
    "nearby_ICAO": [
        "KZZV",
        "KFFO",
        "KDAY",
        "KLUK",
        "KHTS"
    ],
    "nearby_WBAN": [
        93824,
        13840,
        93815,
        93812,
        3860
    ],
    "test_USAF": 724280
}
