{
    "GPmodel": "SExSE",
    "mll": -85594.68002475091,
    "test_WBAN": 93721,
    "nearby_USAF": [
        745940,
        724050,
        724037,
        724030,
        724088
    ],
    "logNoise": -0.7754111188578948,
    "hyp": [
        -0.7754111188578948,
        0.9543175181384104,
        1.3854346810426164,
        10.77383678785068
    ],
    "test_ICAO": "KBWI",
    "nearby_ICAO": [
        "KADW",
        "KDCA",
        "KDAA",
        "KIAD",
        "KDOV"
    ],
    "nearby_WBAN": [
        13705,
        13743,
        93728,
        93738,
        13707
    ],
    "test_USAF": 724060
}
