{
    "GPmodel": "SExSE",
    "mll": -85541.14554720576,
    "test_WBAN": 13884,
    "nearby_USAF": [
        722210,
        747770,
        722269,
        747750,
        722230
    ],
    "logNoise": -0.7354109329127335,
    "hyp": [
        -0.7354109329127335,
        0.8429734931299769,
        1.2207231242855654,
        11.653657717182288
    ],
    "test_ICAO": "KCEW",
    "nearby_ICAO": [
        "KVPS",
        "KHRT",
        "KOZR",
        "KPAM",
        "KMOB"
    ],
    "nearby_WBAN": [
        13858,
        3852,
        3850,
        13846,
        13894
    ],
    "test_USAF": 722215
}
