{
    "GPmodel": "SExSE",
    "mll": -79093.45021030371,
    "test_WBAN": 93993,
    "nearby_USAF": [
        723440,
        723495,
        724400,
        723560,
        723405
    ],
    "logNoise": -0.749775660882811,
    "hyp": [
        -0.749775660882811,
        0.9063950454565344,
        1.3219037987537212,
        12.508236822178416
    ],
    "test_ICAO": "KFYV",
    "nearby_ICAO": [
        "KFSM",
        "KJLN",
        "KSGF",
        "KTUL",
        "KLRF"
    ],
    "nearby_WBAN": [
        13964,
        13987,
        13995,
        13968,
        3930
    ],
    "test_USAF": 723445
}
