{
    "GPmodel": "SExSE",
    "mll": -88389.12952940426,
    "test_WBAN": 24023,
    "nearby_USAF": [
        725520,
        725670,
        724650,
        725660,
        725560
    ],
    "logNoise": -0.5918577606356676,
    "hyp": [
        -0.5918577606356676,
        0.8974096326124461,
        1.5237582042008688,
        12.95630951959801
    ],
    "test_ICAO": "KLBF",
    "nearby_ICAO": [
        "KGRI",
        "KVTN",
        "KGLD",
        "KBFF",
        "KOFK"
    ],
    "nearby_WBAN": [
        14935,
        24032,
        23065,
        24028,
        14941
    ],
    "test_USAF": 725620
}
