{
    "GPmodel": "SExSE",
    "mll": -79818.65215574545,
    "test_WBAN": 14914,
    "nearby_USAF": [
        727575,
        727535,
        726557,
        726590,
        726546
    ],
    "logNoise": -0.7434873960694475,
    "hyp": [
        -0.7434873960694475,
        0.9327562648427672,
        1.37304965979793,
        12.542579879847322
    ],
    "test_ICAO": "KFAR",
    "nearby_ICAO": [
        "KRDR",
        "KJMS",
        "KAXN",
        "KABR",
        "KATY"
    ],
    "nearby_WBAN": [
        94925,
        14919,
        14910,
        14929,
        14946
    ],
    "test_USAF": 727530
}
