{
    "GPmodel": "SExSE",
    "mll": -89024.4830586667,
    "test_WBAN": 93817,
    "nearby_USAF": [
        724240,
        746710,
        746716,
        724338,
        724380
    ],
    "logNoise": -0.7828071664492521,
    "hyp": [
        -0.7828071664492521,
        0.8801957381026531,
        1.296190650221745,
        12.430442206259375
    ],
    "test_ICAO": "KEVV",
    "nearby_ICAO": [
        "KFTK",
        "KHOP",
        "KBWG",
        "KBLV",
        "KIND"
    ],
    "nearby_WBAN": [
        13807,
        13806,
        93808,
        13802,
        93819
    ],
    "test_USAF": 724320
}
