{
    "GPmodel": "SExSE",
    "mll": -83358.06128610007,
    "test_WBAN": 24221,
    "nearby_USAF": [
        726940,
        726917,
        725975,
        727910,
        727920
    ],
    "logNoise": -0.8459603645560027,
    "hyp": [
        -0.8459603645560027,
        1.0094443326654277,
        1.233673492465698,
        12.039166725168704
    ],
    "test_ICAO": "KEUG",
    "nearby_ICAO": [
        "KSLE",
        "KOTH",
        "KSXT",
        "KAST",
        "KOLM"
    ],
    "nearby_WBAN": [
        24232,
        24284,
        24235,
        94224,
        24227
    ],
    "test_USAF": 726930
}
