{
    "GPmodel": "SExSE",
    "mll": -87286.29630671916,
    "test_WBAN": 13883,
    "nearby_USAF": [
        747900,
        722180,
        723106,
        999999,
        723140
    ],
    "logNoise": -0.695126449569942,
    "hyp": [
        -0.695126449569942,
        0.8418879958440183,
        1.3148733074921937,
        12.285148053807069
    ],
    "test_ICAO": "KCAE",
    "nearby_ICAO": [
        "KSSC",
        "KAGS",
        "KFLO",
        "SPA",
        "KCLT"
    ],
    "nearby_WBAN": [
        13849,
        3820,
        13744,
        93804,
        13881
    ],
    "test_USAF": 723100
}
