{
    "GPmodel": "SExSE",
    "mll": -104135.98471291042,
    "test_WBAN": 93129,
    "nearby_USAF": [
        724735,
        723865,
        724860,
        723860,
        723870
    ],
    "logNoise": -0.1902416137947826,
    "hyp": [
        -0.1902416137947826,
        1.1340065735656386,
        1.6349390240100294,
        12.70844579989484
    ],
    "test_ICAO": "KCDC",
    "nearby_ICAO": [
        "KHVE",
        "KLSV",
        "KELY",
        "KLAS",
        "KDRA"
    ],
    "nearby_WBAN": [
        23170,
        23112,
        23154,
        23169,
        3160
    ],
    "test_USAF": 724755
}
