{
    "GPmodel": "SExSE",
    "mll": -90457.77956811411,
    "test_WBAN": 3940,
    "nearby_USAF": [
        722340,
        722358,
        722486,
        723306,
        722487
    ],
    "logNoise": -0.6922178481111466,
    "hyp": [
        -0.6922178481111466,
        0.7617028258874179,
        1.3317643955908511,
        12.475467018712688
    ],
    "test_ICAO": "KJAN",
    "nearby_ICAO": [
        "KMEI",
        "KMCB",
        "KMLU",
        "KCBM",
        "KESF"
    ],
    "nearby_WBAN": [
        13865,
        93919,
        13942,
        13825,
        13935
    ],
    "test_USAF": 722350
}
