{
    "GPmodel": "SExSE",
    "mll": -79247.15734598119,
    "test_WBAN": 93822,
    "nearby_USAF": [
        724340,
        724338,
        725440,
        724450,
        725430
    ],
    "logNoise": -0.8118623223631253,
    "hyp": [
        -0.8118623223631253,
        0.9979154443778729,
        1.3786968257562058,
        12.201401274910634
    ],
    "test_ICAO": "KSPI",
    "nearby_ICAO": [
        "KSTL",
        "KBLV",
        "KMLI",
        "KCOU",
        "KRFD"
    ],
    "nearby_WBAN": [
        13994,
        13802,
        14923,
        3945,
        94822
    ],
    "test_USAF": 724390
}
