{
    "GPmodel": "SExSE",
    "mll": -73264.83176920746,
    "test_WBAN": 23194,
    "nearby_USAF": [
        723627,
        722786,
        722780,
        722785,
        722745
    ],
    "logNoise": -0.38026175113597943,
    "hyp": [
        -0.38026175113597943,
        1.1163881470251011,
        1.5962351323639499,
        11.366072800789984
    ],
    "test_ICAO": "KINW",
    "nearby_ICAO": [
        "KGUP",
        "KIWA",
        "KPHX",
        "KLUF",
        "KDMA"
    ],
    "nearby_WBAN": [
        23081,
        23104,
        23183,
        23111,
        23109
    ],
    "test_USAF": 723740
}
