{
    "GPmodel": "SExSE",
    "mll": -81426.69038844288,
    "test_WBAN": 3928,
    "nearby_USAF": [
        724505,
        724520,
        724550,
        723560,
        724510
    ],
    "logNoise": -0.6898813128812147,
    "hyp": [
        -0.6898813128812147,
        0.979310713428472,
        1.4490449643405463,
        12.394149814783212
    ],
    "test_ICAO": "KICT",
    "nearby_ICAO": [
        "KIAB",
        "KP28",
        "KFRI",
        "KTUL",
        "KDDC"
    ],
    "nearby_WBAN": [
        3923,
        3957,
        13947,
        13968,
        13985
    ],
    "test_USAF": 724500
}
