{
    "GPmodel": "SExSE",
    "mll": -86936.02013190318,
    "test_WBAN": 13894,
    "nearby_USAF": [
        747686,
        747770,
        722215,
        722210,
        722340
    ],
    "logNoise": -0.7100062588742522,
    "hyp": [
        -0.7100062588742522,
        0.8452695241496597,
        1.3813768085090914,
        11.439274845504057
    ],
    "test_ICAO": "KMOB",
    "nearby_ICAO": [
        "KBIX",
        "KHRT",
        "KCEW",
        "KVPS",
        "KMEI"
    ],
    "nearby_WBAN": [
        13820,
        3852,
        13884,
        13858,
        13865
    ],
    "test_USAF": 722230
}
