{
    "GPmodel": "SExSE",
    "mll": -102587.28842008658,
    "test_WBAN": 23169,
    "nearby_USAF": [
        723865,
        723870,
        723825,
        724755,
        747188
    ],
    "logNoise": -0.21927846679389468,
    "hyp": [
        -0.21927846679389468,
        1.196209273451893,
        1.57781962719729,
        12.693684248266818
    ],
    "test_ICAO": "KLAS",
    "nearby_ICAO": [
        "KLSV",
        "KDRA",
        "KVCV",
        "KCDC",
        "KBLH"
    ],
    "nearby_WBAN": [
        23112,
        3160,
        23131,
        93129,
        23158
    ],
    "test_USAF": 723860
}
