{
    "GPmodel": "SExSE",
    "mll": -81454.03984931947,
    "test_WBAN": 13740,
    "nearby_USAF": [
        723087,
        745980,
        723080,
        724037,
        745940
    ],
    "logNoise": -0.866937347872526,
    "hyp": [
        -0.866937347872526,
        0.7874729198491833,
        1.2859178876190276,
        11.395697951381187
    ],
    "test_ICAO": "KRIC",
    "nearby_ICAO": [
        "KFAF",
        "KLFI",
        "KORF",
        "KDAA",
        "KADW"
    ],
    "nearby_WBAN": [
        93735,
        13702,
        13737,
        93728,
        13705
    ],
    "test_USAF": 724010
}
