{
    "GPmodel": "SExSE",
    "mll": -87166.0661383823,
    "test_WBAN": 13967,
    "nearby_USAF": [
        723540,
        723550,
        723525,
        723520,
        723510
    ],
    "logNoise": -0.6710649752759255,
    "hyp": [
        -0.6710649752759255,
        0.8273244805481541,
        1.377733355352582,
        11.925450389876872
    ],
    "test_ICAO": "KOKC",
    "nearby_ICAO": [
        "KTIK",
        "KFSI",
        "KHBR",
        "KLTS",
        "KSPS"
    ],
    "nearby_WBAN": [
        13919,
        13945,
        93986,
        13902,
        13966
    ],
    "test_USAF": 723530
}
