{
    "GPmodel": "SExSE",
    "mll": -84867.44976784845,
    "test_WBAN": 93987,
    "nearby_USAF": [
        722448,
        722480,
        722485,
        722400,
        722487
    ],
    "logNoise": -0.6337610031665741,
    "hyp": [
        -0.6337610031665741,
        0.8671236285028732,
        1.291483233931944,
        12.404928595799907
    ],
    "test_ICAO": "KLFK",
    "nearby_ICAO": [
        "KTYR",
        "KSHV",
        "KBAD",
        "KLCH",
        "KESF"
    ],
    "nearby_WBAN": [
        13972,
        13957,
        13944,
        3937,
        13935
    ],
    "test_USAF": 722446
}
