{
    "GPmodel": "SExSE",
    "mll": -86688.75583868429,
    "test_WBAN": 93820,
    "nearby_USAF": [
        724210,
        724297,
        724240,
        724250,
        746716
    ],
    "logNoise": -0.6867689160182201,
    "hyp": [
        -0.6867689160182201,
        1.022454728398227,
        1.444146633863059,
        11.85310934842877
    ],
    "test_ICAO": "KLEX",
    "nearby_ICAO": [
        "KCVG",
        "KLUK",
        "KFTK",
        "KHTS",
        "KBWG"
    ],
    "nearby_WBAN": [
        93814,
        93812,
        13807,
        3860,
        93808
    ],
    "test_USAF": 724220
}
