{
    "GPmodel": "SExSE",
    "mll": -80628.90708037364,
    "test_WBAN": 13866,
    "nearby_USAF": [
        724250,
        724170,
        724286,
        724110,
        724280
    ],
    "logNoise": -0.7580124067304551,
    "hyp": [
        -0.7580124067304551,
        0.9562430895809295,
        1.3272144179876093,
        12.42507788409066
    ],
    "test_ICAO": "KCRW",
    "nearby_ICAO": [
        "KHTS",
        "KEKN",
        "KZZV",
        "KROA",
        "KCMH"
    ],
    "nearby_WBAN": [
        3860,
        13729,
        93824,
        13741,
        14821
    ],
    "test_USAF": 724140
}
