{
    "GPmodel": "SExSE",
    "mll": -81426.69039061567,
    "test_WBAN": 3928,
    "nearby_USAF": [
        724505,
        724520,
        724550,
        723560,
        724510
    ],
    "logNoise": -0.6898860140504361,
    "hyp": [
        -0.6898860140504361,
        0.9793124100203624,
        1.4490259276095583,
        12.394132013495595
    ],
    "test_ICAO": "KICT",
    "nearby_ICAO": [
        "KIAB",
        "KP28",
        "KFRI",
        "KTUL",
        "KDDC"
    ],
    "nearby_WBAN": [
        3923,
        3957,
        13947,
        13968,
        13985
    ],
    "test_USAF": 724500
}
