{
    "GPmodel": "SExSE",
    "mll": -85541.14554667393,
    "test_WBAN": 13884,
    "nearby_USAF": [
        722210,
        747770,
        722269,
        747750,
        722230
    ],
    "logNoise": -0.7354118146281816,
    "hyp": [
        -0.7354118146281816,
        0.8429698085411831,
        1.2207173102777513,
        11.653659063795498
    ],
    "test_ICAO": "KCEW",
    "nearby_ICAO": [
        "KVPS",
        "KHRT",
        "KOZR",
        "KPAM",
        "KMOB"
    ],
    "nearby_WBAN": [
        13858,
        3852,
        3850,
        13846,
        13894
    ],
    "test_USAF": 722215
}
