{
    "GPmodel": "SExSE",
    "mll": -73264.83166198258,
    "test_WBAN": 23194,
    "nearby_USAF": [
        723627,
        722786,
        722780,
        722785,
        722745
    ],
    "logNoise": -0.3802903323274963,
    "hyp": [
        -0.3802903323274963,
        1.1163566499014603,
        1.596141086740018,
        11.365929992902458
    ],
    "test_ICAO": "KINW",
    "nearby_ICAO": [
        "KGUP",
        "KIWA",
        "KPHX",
        "KLUF",
        "KDMA"
    ],
    "nearby_WBAN": [
        23081,
        23104,
        23183,
        23111,
        23109
    ],
    "test_USAF": 723740
}
