{
    "GPmodel": "SExSE",
    "mll": -83460.74129748976,
    "test_WBAN": 14765,
    "nearby_USAF": [
        725090,
        744910,
        725080,
        725040,
        726050
    ],
    "logNoise": -0.7777349592678524,
    "hyp": [
        -0.7777349592678524,
        0.9616239198898109,
        1.2967683930939973,
        11.701597026760616
    ],
    "test_ICAO": "KPVD",
    "nearby_ICAO": [
        "KBOS",
        "KCEF",
        "KBDL",
        "KBDR",
        "KCON"
    ],
    "nearby_WBAN": [
        14739,
        14703,
        14740,
        94702,
        14745
    ],
    "test_USAF": 725070
}
