{
    "GPmodel": "SExSE",
    "mll": -79579.54817481962,
    "test_WBAN": 93985,
    "nearby_USAF": [
        722590,
        722580,
        723510,
        722560,
        690190
    ],
    "logNoise": -0.6497597795054318,
    "hyp": [
        -0.6497597795054318,
        0.8913665380354042,
        1.3355940855198392,
        12.471229443617016
    ],
    "test_ICAO": "KMWL",
    "nearby_ICAO": [
        "KDFW",
        "KDAL",
        "KSPS",
        "KACT",
        "KDYS"
    ],
    "nearby_WBAN": [
        3927,
        13960,
        13966,
        13959,
        13910
    ],
    "test_USAF": 722597
}
