{
    "GPmodel": "SExSE",
    "mll": -79818.65221127504,
    "test_WBAN": 14914,
    "nearby_USAF": [
        727575,
        727535,
        726557,
        726590,
        726546
    ],
    "logNoise": -0.7434950775933781,
    "hyp": [
        -0.7434950775933781,
        0.9327432305290525,
        1.3729729757835107,
        12.542541572577049
    ],
    "test_ICAO": "KFAR",
    "nearby_ICAO": [
        "KRDR",
        "KJMS",
        "KAXN",
        "KABR",
        "KATY"
    ],
    "nearby_WBAN": [
        94925,
        14919,
        14910,
        14929,
        14946
    ],
    "test_USAF": 727530
}
