{
    "GPmodel": "SExSE",
    "mll": -72501.58224317705,
    "test_WBAN": 14933,
    "nearby_USAF": [
        725465,
        725480,
        725450,
        725485,
        725500
    ],
    "logNoise": -0.7350239391725923,
    "hyp": [
        -0.7350239391725923,
        1.0150606976535752,
        1.3519930053218319,
        12.469386854860192
    ],
    "test_ICAO": "KDSM",
    "nearby_ICAO": [
        "KOTM",
        "KALO",
        "KCID",
        "KMCW",
        "KOMA"
    ],
    "nearby_WBAN": [
        14950,
        94910,
        14990,
        14940,
        14942
    ],
    "test_USAF": 725460
}
