{
    "GPmodel": "SExSE",
    "mll": -80851.33976772531,
    "test_WBAN": 13968,
    "nearby_USAF": [
        723445,
        723540,
        723495,
        723440,
        723530
    ],
    "logNoise": -0.7260907746782139,
    "hyp": [
        -0.7260907746782139,
        0.9440919685650357,
        1.40798189545181,
        11.965001490205125
    ],
    "test_ICAO": "KTUL",
    "nearby_ICAO": [
        "KFYV",
        "KTIK",
        "KJLN",
        "KFSM",
        "KOKC"
    ],
    "nearby_WBAN": [
        93993,
        13919,
        13987,
        13964,
        13967
    ],
    "test_USAF": 723560
}
