{
    "GPmodel": "SExSE",
    "mll": -75300.84162346787,
    "test_WBAN": 94847,
    "nearby_USAF": [
        725375,
        725377,
        725360,
        726370,
        725395
    ],
    "logNoise": -0.7880845066828082,
    "hyp": [
        -0.7880845066828082,
        0.9218687431969179,
        1.2898513401819018,
        11.88114292905728
    ],
    "test_ICAO": "KDTW",
    "nearby_ICAO": [
        "KDET",
        "KMTC",
        "KTOL",
        "KFNT",
        "KJXN"
    ],
    "nearby_WBAN": [
        14822,
        14804,
        94830,
        14826,
        14833
    ],
    "test_USAF": 725370
}
