{
    "GPmodel": "SExSE",
    "mll": -86763.46198657183,
    "test_WBAN": 94705,
    "nearby_USAF": [
        726170,
        726050,
        725180,
        726060,
        744910
    ],
    "logNoise": -0.8133992655161504,
    "hyp": [
        -0.8133992655161504,
        0.8724006798953459,
        1.2992431282937933,
        12.308270128010953
    ],
    "test_ICAO": "KMPV",
    "nearby_ICAO": [
        "KBTV",
        "KCON",
        "KALB",
        "KPWM",
        "KCEF"
    ],
    "nearby_WBAN": [
        14742,
        14745,
        14735,
        14764,
        14703
    ],
    "test_USAF": 726145
}
