{
    "GPmodel": "SExSE",
    "mll": -72397.91595666163,
    "test_WBAN": 14839,
    "nearby_USAF": [
        726405,
        725300,
        726410,
        725430,
        726360
    ],
    "logNoise": -0.7406355180942717,
    "hyp": [
        -0.7406355180942717,
        0.9839708702376493,
        1.2458698992853983,
        12.234800554892937
    ],
    "test_ICAO": "KMKE",
    "nearby_ICAO": [
        "KMWC",
        "KORD",
        "KMSN",
        "KRFD",
        "KMKG"
    ],
    "nearby_WBAN": [
        94869,
        94846,
        14837,
        94822,
        14840
    ],
    "test_USAF": 726400
}
