{
    "GPmodel": "SExSE",
    "mll": -80208.86192494546,
    "test_WBAN": 14764,
    "nearby_USAF": [
        726185,
        726050,
        725090,
        726145,
        725070
    ],
    "logNoise": -0.8022156283231249,
    "hyp": [
        -0.8022156283231249,
        1.0284119913026764,
        1.3381803901000777,
        11.950084590714669
    ],
    "test_ICAO": "KPWM",
    "nearby_ICAO": [
        "KAUG",
        "KCON",
        "KBOS",
        "KMPV",
        "KPVD"
    ],
    "nearby_WBAN": [
        14605,
        14745,
        14739,
        94705,
        14765
    ],
    "test_USAF": 726060
}
