{
    "GPmodel": "SExSE",
    "mll": -84867.44980559229,
    "test_WBAN": 93987,
    "nearby_USAF": [
        722448,
        722480,
        722485,
        722400,
        722487
    ],
    "logNoise": -0.6337727846508817,
    "hyp": [
        -0.6337727846508817,
        0.8671153199660434,
        1.2915462864881921,
        12.404946400020414
    ],
    "test_ICAO": "KLFK",
    "nearby_ICAO": [
        "KTYR",
        "KSHV",
        "KBAD",
        "KLCH",
        "KESF"
    ],
    "nearby_WBAN": [
        13972,
        13957,
        13944,
        3937,
        13935
    ],
    "test_USAF": 722446
}
