{
    "GPmodel": "SExSE",
    "mll": -66540.81147210536,
    "test_WBAN": 14740,
    "nearby_USAF": [
        744910,
        725040,
        725070,
        725038,
        725180
    ],
    "logNoise": -0.8058407029738934,
    "hyp": [
        -0.8058407029738934,
        0.9226263713103258,
        1.2156112670270172,
        12.10052683567417
    ],
    "test_ICAO": "KBDL",
    "nearby_ICAO": [
        "KCEF",
        "KBDR",
        "KPVD",
        "KSWF",
        "KALB"
    ],
    "nearby_WBAN": [
        14703,
        94702,
        14765,
        14714,
        14735
    ],
    "test_USAF": 725080
}
