{
    "GPmodel": "SExSE",
    "mll": -94058.97548726904,
    "test_WBAN": 24130,
    "nearby_USAF": [
        726885,
        726880,
        726830,
        726815,
        727810
    ],
    "logNoise": -0.47913494845261756,
    "hyp": [
        -0.47913494845261756,
        0.9935563204953763,
        1.6765959181036538,
        11.815247471937386
    ],
    "test_ICAO": "KBKE",
    "nearby_ICAO": [
        "KMEH",
        "KPDT",
        "KBNO",
        "KMUO",
        "KYKM"
    ],
    "nearby_WBAN": [
        24152,
        24155,
        94185,
        24106,
        24243
    ],
    "test_USAF": 726886
}
