{
    "GPmodel": "matern",
    "mll": -62872.645353916705,
    "test_WBAN": 14821,
    "nearby_USAF": [
        724286,
        745700,
        724290,
        724297,
        724250
    ],
    "logNoise": -1.6978543993166386,
    "hyp": [
        -1.6978543993166386,
        -0.09441328444366102,
        1.077976388190967,
        14.78913491348588,
        -0.8155518996450314,
        0.027848356688398006,
        -2.8298266775509267,
        9.235237780080226,
        0.9656002578140911,
        0.26901598852466785,
        -0.1855476223752655,
        11.493041489802046,
        2.410750751461331,
        1.6001968921437906,
        -1.225550420981831,
        14.103726369430873
    ],
    "test_ICAO": "KCMH",
    "nearby_ICAO": [
        "KZZV",
        "KFFO",
        "KDAY",
        "KLUK",
        "KHTS"
    ],
    "nearby_WBAN": [
        93824,
        13840,
        93815,
        93812,
        3860
    ],
    "test_USAF": 724280
}
