{
    "GPmodel": "matern",
    "mll": -67780.6040787355,
    "test_WBAN": 13866,
    "nearby_USAF": [
        724250,
        724170,
        724286,
        724110,
        724280
    ],
    "logNoise": -1.538452525404034,
    "hyp": [
        -1.538452525404034,
        -0.007762459705637472,
        1.0364364038414113,
        13.879202633131198,
        -1.0517196043302042,
        -0.6217777574145582,
        -0.5874040894861532,
        9.924244698865378,
        0.798991616491127,
        0.19006082815688335,
        0.09140865227224058,
        11.596854910469192,
        2.139880970153667,
        1.4006323428211096,
        -0.3632574938442158,
        13.147557940695487
    ],
    "test_ICAO": "KCRW",
    "nearby_ICAO": [
        "KHTS",
        "KEKN",
        "KZZV",
        "KROA",
        "KCMH"
    ],
    "nearby_WBAN": [
        3860,
        13729,
        93824,
        13741,
        14821
    ],
    "test_USAF": 724140
}
