{
    "GPmodel": "matern",
    "mll": -64951.65263191528,
    "test_WBAN": 93993,
    "nearby_USAF": [
        723440,
        723495,
        724400,
        723560,
        723405
    ],
    "logNoise": -1.6658271084237681,
    "hyp": [
        -1.6658271084237681,
        -0.2871031356114564,
        1.0593133555346852,
        14.768074098110638,
        -1.2691427767983734,
        -0.6448629694854745,
        -0.7931393544654762,
        10.405443397160132,
        0.5855038466592338,
        -0.059332565941452566,
        0.4202886351686531,
        11.47641435305221,
        1.9534033088069604,
        1.3348478920688343,
        -0.32516130291934253,
        13.286150992087158
    ],
    "test_ICAO": "KFYV",
    "nearby_ICAO": [
        "KFSM",
        "KJLN",
        "KSGF",
        "KTUL",
        "KLRF"
    ],
    "nearby_WBAN": [
        13964,
        13987,
        13995,
        13968,
        3930
    ],
    "test_USAF": 723445
}
