{
    "GPmodel": "matern",
    "mll": -64065.68143969947,
    "test_WBAN": 13968,
    "nearby_USAF": [
        723445,
        723540,
        723495,
        723440,
        723530
    ],
    "logNoise": -1.7236981633169581,
    "hyp": [
        -1.7236981633169581,
        -0.32194767710609123,
        1.0525534574500484,
        15.218400473911323,
        -1.5635344652805776,
        -0.7536171278462347,
        -0.651951059363548,
        8.999584441893754,
        0.9123944419106025,
        0.4331920144360383,
        -0.9587717250649468,
        10.94880630019248,
        2.1111289568904197,
        1.4009885780988172,
        -0.9760987908537578,
        13.555144274383993
    ],
    "test_ICAO": "KTUL",
    "nearby_ICAO": [
        "KFYV",
        "KTIK",
        "KJLN",
        "KFSM",
        "KOKC"
    ],
    "nearby_WBAN": [
        93993,
        13919,
        13987,
        13964,
        13967
    ],
    "test_USAF": 723560
}
