{
    "GPmodel": "matern",
    "test_WBAN": 14821,
    "nearby_USAF": [
        724286,
        745700,
        724290,
        724297,
        724250
    ],
    "logNoise": -1.6963529656365706,
    "hyp": [
        -1.6963529656365706,
        -0.443921029734357,
        0.7821746379105438,
        15.623641805491216,
        -0.9245670426404675,
        -0.09007513654200802,
        -2.562732967332164,
        9.209080746015676,
        0.8495504433268959,
        0.1284499704485012,
        0.1641154763128018,
        11.341590807126325,
        1.9455953159650776,
        1.2667585849273244,
        0.08088281304175628,
        13.704599275871622
    ],
    "test_ICAO": "KCMH",
    "nearby_ICAO": [
        "KZZV",
        "KFFO",
        "KDAY",
        "KLUK",
        "KHTS"
    ],
    "nearby_WBAN": [
        93824,
        13840,
        93815,
        93812,
        3860
    ],
    "test_USAF": 724280,
    "CV": -59743.18429376386
}
