{
    "GPmodel": "matern",
    "test_WBAN": 14739,
    "nearby_USAF": [
        725070,
        726050,
        744910,
        725080,
        726060
    ],
    "logNoise": -2.371233978637312,
    "hyp": [
        -2.371233978637312,
        -0.3532648686590302,
        0.26498351198220993,
        12.771434336169333,
        -2.6170997957984747,
        0.176907453483078,
        -4.987249700873791,
        8.68868010146105,
        0.04299249586885709,
        0.059579700320980956,
        -1.8680946235903197,
        10.009037554339947,
        1.590844313650696,
        1.009570414817496,
        -0.49147613382633815,
        12.58609679506999
    ],
    "test_ICAO": "KBOS",
    "nearby_ICAO": [
        "KPVD",
        "KCON",
        "KCEF",
        "KBDL",
        "KPWM"
    ],
    "nearby_WBAN": [
        14765,
        14745,
        14703,
        14740,
        14764
    ],
    "test_USAF": 725090,
    "CV": -63279.9015590302
}
