{
    "GPmodel": "matern",
    "test_WBAN": 24156,
    "nearby_USAF": [
        725755,
        725720,
        725810,
        726815,
        725760
    ],
    "logNoise": -1.5977547318256005,
    "hyp": [
        -1.5977547318256005,
        -0.08033990820700528,
        3.2185509507882197,
        16.69986745704756,
        -1.2501512481424972,
        -0.3091735065353629,
        -0.6768118226663797,
        8.830853394597472,
        1.1237331367715406,
        0.561712066642818,
        -0.6723272335431312,
        11.597562627507356,
        2.73343294455116,
        1.5463626283895529,
        -1.3627047090502702,
        13.882021735090474
    ],
    "test_ICAO": "KPIH",
    "nearby_ICAO": [
        "KHIF",
        "KSLC",
        "KENV",
        "KMUO",
        "KLND"
    ],
    "nearby_WBAN": [
        24101,
        24127,
        24193,
        24106,
        24021
    ],
    "test_USAF": 725780,
    "CV": -79601.64388401095
}
