{
    "GPmodel": "matern",
    "test_WBAN": 14944,
    "nearby_USAF": [
        725570,
        726540,
        726546,
        725560,
        726590
    ],
    "logNoise": -1.8257176616542459,
    "hyp": [
        -1.8257176616542459,
        -0.4812930717770897,
        1.317511487459697,
        15.925231775989594,
        -0.9703834559784815,
        -0.3622307963194527,
        -1.3817487711793226,
        10.752249676554348,
        0.7072696534780637,
        0.13263869573986126,
        -0.054173348099315476,
        11.372252876216736,
        1.718880924926869,
        1.309504812591189,
        0.6160417929066542,
        13.494408103468652
    ],
    "test_ICAO": "KFSD",
    "nearby_ICAO": [
        "KSUX",
        "KHON",
        "KATY",
        "KOFK",
        "KABR"
    ],
    "nearby_WBAN": [
        14943,
        14936,
        14946,
        14941,
        14929
    ],
    "test_USAF": 726510,
    "CV": -63302.80035748217
}
