{
    "GPmodel": "matern",
    "test_WBAN": 3928,
    "nearby_USAF": [
        724505,
        724520,
        724550,
        723560,
        724510
    ],
    "logNoise": -1.6211106709939307,
    "hyp": [
        -1.6211106709939307,
        -0.45541365782708976,
        1.3624501755817067,
        15.142596166121338,
        -1.2661346791329786,
        -0.5661900419239736,
        -0.9994559824453738,
        10.040530382900618,
        0.7483590057574473,
        0.14445918502479527,
        0.24049804314881382,
        11.354163828630035,
        1.8919011892604776,
        1.303313615520037,
        -0.13400109767522653,
        13.446769469821442
    ],
    "test_ICAO": "KICT",
    "nearby_ICAO": [
        "KIAB",
        "KP28",
        "KFRI",
        "KTUL",
        "KDDC"
    ],
    "nearby_WBAN": [
        3923,
        3957,
        13947,
        13968,
        13985
    ],
    "test_USAF": 724500,
    "CV": -64773.82290219493
}
