{
    "GPmodel": "matern",
    "test_WBAN": 14922,
    "nearby_USAF": [
        726435,
        725485,
        726430,
        726557,
        727450
    ],
    "logNoise": -1.6726390829070672,
    "hyp": [
        -1.6726390829070672,
        -0.6785184140261483,
        0.23500802773679777,
        15.652006382095443,
        0.7209935919603659,
        -0.05237714622873087,
        0.14291704856655943,
        11.252974046223594,
        -1.174262370152925,
        -0.690648330792088,
        -1.1900087444948106,
        9.85333216278619,
        1.8591497440137104,
        1.1786651342506964,
        -0.18022813591137282,
        13.317033486299582
    ],
    "test_ICAO": "KMSP",
    "nearby_ICAO": [
        "KEAU",
        "KMCW",
        "KLSE",
        "KAXN",
        "KDLH"
    ],
    "nearby_WBAN": [
        14991,
        14940,
        14920,
        14910,
        14913
    ],
    "test_USAF": 726580,
    "CV": -57337.74189909251
}
