{
    "GPmodel": "matern",
    "test_WBAN": 94705,
    "nearby_USAF": [
        726170,
        726050,
        725180,
        726060,
        744910
    ],
    "logNoise": -2.1772113264249118,
    "hyp": [
        -2.1772113264249118,
        -0.3007406711633066,
        0.21570093427282153,
        12.875143654503333,
        -4.203808683098637,
        -1.3555738405198772,
        -1.3065619309874297,
        19.500997366052978,
        0.9762286663785791,
        1.2245515615704625,
        -4.288204334012083,
        8.316371541738395,
        1.6937788804324954,
        1.1292282706502081,
        -0.36355346718809994,
        12.822675692291808
    ],
    "test_ICAO": "KMPV",
    "nearby_ICAO": [
        "KBTV",
        "KCON",
        "KALB",
        "KPWM",
        "KCEF"
    ],
    "nearby_WBAN": [
        14742,
        14745,
        14735,
        14764,
        14703
    ],
    "test_USAF": 726145,
    "CV": -64372.49380094497
}
