{
    "GPmodel": "matern",
    "test_WBAN": 94789,
    "nearby_USAF": [
        725030,
        725040,
        724096,
        725038,
        725170
    ],
    "logNoise": -1.70406283673036,
    "hyp": [
        -1.70406283673036,
        0.1660639283145367,
        1.582346027678531,
        13.066496083536915,
        0.99280932793704,
        0.06659984653797668,
        -0.3409691308695222,
        10.999151458295467,
        1.6304492945049738,
        2.1759739275133296,
        -7.059792804367156,
        8.974012357620145,
        2.0568219048515624,
        1.2837280414003145,
        -0.6611075157064803,
        13.596516862178847
    ],
    "test_ICAO": "KJFK",
    "nearby_ICAO": [
        "KLGA",
        "KBDR",
        "KWRI",
        "KSWF",
        "KABE"
    ],
    "nearby_WBAN": [
        14732,
        94702,
        14706,
        14714,
        14737
    ],
    "test_USAF": 744860,
    "CV": -49179.70732059775
}
