{
    "GPmodel": "matern",
    "test_WBAN": 13882,
    "nearby_USAF": [
        722270,
        723260,
        723230,
        722190,
        722287
    ],
    "logNoise": -1.661927024285983,
    "hyp": [
        -1.661927024285983,
        -0.538820723949917,
        0.31620771302123013,
        14.211150861312014,
        -1.1725294970487607,
        -0.4257928085659375,
        -1.3687540874062,
        8.315519841747621,
        0.8883313456791353,
        0.08287608445802495,
        -0.1515303270107434,
        11.102213242239253,
        1.9668162852640418,
        1.1965949946645107,
        -0.6511417351487667,
        13.444946819303004
    ],
    "test_ICAO": "KCHA",
    "nearby_ICAO": [
        "KMGE",
        "KTYS",
        "KHSV",
        "KATL",
        "KANB"
    ],
    "nearby_WBAN": [
        13864,
        13891,
        3856,
        13874,
        13871
    ],
    "test_USAF": 723240,
    "CV": -63128.056669837344
}
