{
    "GPmodel": "matern",
    "test_WBAN": 13884,
    "nearby_USAF": [
        722210,
        747770,
        722269,
        747750,
        722230
    ],
    "logNoise": -1.6992078911807176,
    "hyp": [
        -1.6992078911807176,
        0.2091320885906868,
        3.2113709912928874,
        15.659299798920252,
        -1.7274904745648954,
        -0.7954011781459231,
        -0.25173845319649385,
        9.247669772699748,
        0.5899515276529761,
        0.08027786837147709,
        -0.019075926767696916,
        10.679466237640423,
        2.2100317818064865,
        1.4129143361261562,
        -1.394544168513994,
        13.355140534104669
    ],
    "test_ICAO": "KCEW",
    "nearby_ICAO": [
        "KVPS",
        "KHRT",
        "KOZR",
        "KPAM",
        "KMOB"
    ],
    "nearby_WBAN": [
        13858,
        3852,
        3850,
        13846,
        13894
    ],
    "test_USAF": 722215,
    "CV": -63944.683540625614
}
