{
    "GPmodel": "matern",
    "test_WBAN": 94847,
    "nearby_USAF": [
        725375,
        725377,
        725360,
        726370,
        725395
    ],
    "logNoise": -1.6023043651651345,
    "hyp": [
        -1.6023043651651345,
        1.2704924158240796,
        -0.06771314783029897,
        9.657071094109435,
        -0.9361705956143026,
        -0.23153670674336277,
        -2.366974945200028,
        9.655171203561453,
        0.4495222036540983,
        -0.37310535860664035,
        0.42453943754679085,
        10.857072134923133,
        1.6164891715767438,
        1.8439292327985852,
        -0.16198588541428866,
        13.845050867563746
    ],
    "test_ICAO": "KDTW",
    "nearby_ICAO": [
        "KDET",
        "KMTC",
        "KTOL",
        "KFNT",
        "KJXN"
    ],
    "nearby_WBAN": [
        14822,
        14804,
        94830,
        14826,
        14833
    ],
    "test_USAF": 725370,
    "CV": -58884.366970253825
}
