{
    "GPmodel": "matern",
    "test_WBAN": 93822,
    "nearby_USAF": [
        724340,
        724338,
        725440,
        724450,
        725430
    ],
    "logNoise": -1.767645281549679,
    "hyp": [
        -1.767645281549679,
        0.15195425757695213,
        -0.7179376999338143,
        8.739011254084177,
        -1.458818668990034,
        -0.868045248620076,
        -0.11493897184007848,
        9.24230707068117,
        0.6696942171816266,
        -0.02254894809754559,
        -0.38847780671482385,
        10.877689773615774,
        1.7409246146487547,
        1.6500686910523352,
        -0.684316626582085,
        13.954021389530347
    ],
    "test_ICAO": "KSPI",
    "nearby_ICAO": [
        "KSTL",
        "KBLV",
        "KMLI",
        "KCOU",
        "KRFD"
    ],
    "nearby_WBAN": [
        13994,
        13802,
        14923,
        3945,
        94822
    ],
    "test_USAF": 724390,
    "CV": -59028.80014255252
}
