{
    "GPmodel": "matern",
    "test_WBAN": 14839,
    "nearby_USAF": [
        726405,
        725300,
        726410,
        725430,
        726360
    ],
    "logNoise": -1.6631139630075555,
    "hyp": [
        -1.6631139630075555,
        -0.27721598496261995,
        0.8077029987213796,
        14.347531860411728,
        -1.7448488225346555,
        -0.9187416500514501,
        4.415110277608502,
        10.830867668934708,
        0.5877958408991804,
        -0.0011704403552717363,
        -0.2882513751927259,
        11.009123924756242,
        1.9413221600106396,
        1.1920529468650771,
        -0.8758276380366027,
        12.898502124593556
    ],
    "test_ICAO": "KMKE",
    "nearby_ICAO": [
        "KMWC",
        "KORD",
        "KMSN",
        "KRFD",
        "KMKG"
    ],
    "nearby_WBAN": [
        94869,
        94846,
        14837,
        94822,
        14840
    ],
    "test_USAF": 726400,
    "CV": -60405.35512089408
}
