{
    "GPmodel": "matern",
    "test_WBAN": 3820,
    "nearby_USAF": [
        723100,
        723110,
        722070,
        747900,
        723120
    ],
    "logNoise": -1.6947879800895695,
    "hyp": [
        -1.6947879800895695,
        -0.6743949429100872,
        0.17778689056125838,
        14.625285310539788,
        -1.047111586552253,
        -0.39482050524717566,
        -1.400283872362979,
        9.236933407651831,
        0.7838878123143403,
        0.033788429385003024,
        0.3581728255425718,
        11.48528183271922,
        1.8499991983433843,
        0.9829557991379424,
        -0.3812203626749835,
        13.145149446909029
    ],
    "test_ICAO": "KAGS",
    "nearby_ICAO": [
        "KCAE",
        "KAHN",
        "KSAV",
        "KSSC",
        "KGSP"
    ],
    "nearby_WBAN": [
        13883,
        13873,
        3822,
        13849,
        3870
    ],
    "test_USAF": 722180,
    "CV": -63349.33963608953
}
