{
    "GPmodel": "matern",
    "test_WBAN": 14740,
    "nearby_USAF": [
        744910,
        725040,
        725070,
        725038,
        725180
    ],
    "logNoise": -2.062076464058996,
    "hyp": [
        -2.062076464058996,
        -0.2665368181446185,
        0.23905244032659398,
        12.5090377076641,
        -2.4138469213580485,
        -0.2947138386469848,
        -3.601686123177434,
        10.010755659337518,
        0.5872780715529091,
        0.40352382946743187,
        -2.3921227492036996,
        10.338340630527302,
        1.7602149682130834,
        1.0171134178898167,
        -0.884247261203499,
        12.605588624503156
    ],
    "test_ICAO": "KBDL",
    "nearby_ICAO": [
        "KCEF",
        "KBDR",
        "KPVD",
        "KSWF",
        "KALB"
    ],
    "nearby_WBAN": [
        14703,
        94702,
        14765,
        14714,
        14735
    ],
    "test_USAF": 725080,
    "CV": -52014.23274683942
}
