{
    "GPmodel": "matern",
    "test_WBAN": 23050,
    "nearby_USAF": [
        723627,
        722680,
        724620,
        722686,
        724645
    ],
    "logNoise": -1.4856967014996698,
    "hyp": [
        -1.4856967014996698,
        -0.27052969784361663,
        3.2737716023813235,
        16.87718848395891,
        0.8848517730703324,
        1.9988327817905989,
        -5.706966330016013,
        9.716998355599172,
        1.063353922253859,
        0.5340000403942773,
        -0.6376831537990121,
        9.805676695637144,
        1.9116341432988913,
        1.218076528722173,
        -0.6230471929417865,
        13.3977044953396
    ],
    "test_ICAO": "KABQ",
    "nearby_ICAO": [
        "KGUP",
        "KROW",
        "KALS",
        "KCVS",
        "KTAD"
    ],
    "nearby_WBAN": [
        23081,
        23009,
        23061,
        23008,
        23070
    ],
    "test_USAF": 723650,
    "CV": -82207.29667208315
}
