{
    "GPmodel": "matern",
    "test_WBAN": 93817,
    "nearby_USAF": [
        724240,
        746710,
        746716,
        724338,
        724380
    ],
    "logNoise": -1.8196060280230197,
    "hyp": [
        -1.8196060280230197,
        -0.6026892894173519,
        0.38429358258584856,
        16.291037972920346,
        -1.153441218814689,
        -0.07439490258979833,
        -2.738685009688514,
        9.862604444563365,
        0.698130806558534,
        -0.07294887498453066,
        0.4749986782644925,
        11.592127857973827,
        1.8023773625430846,
        1.086896154275336,
        0.002808058509131613,
        13.349703483279962
    ],
    "test_ICAO": "KEVV",
    "nearby_ICAO": [
        "KFTK",
        "KHOP",
        "KBWG",
        "KBLV",
        "KIND"
    ],
    "nearby_WBAN": [
        13807,
        13806,
        93808,
        13802,
        93819
    ],
    "test_USAF": 724320,
    "CV": -65098.73540195321
}
