{
    "GPmodel": "matern",
    "test_WBAN": 13968,
    "nearby_USAF": [
        723445,
        723540,
        723495,
        723440,
        723530
    ],
    "logNoise": -1.72208609707786,
    "hyp": [
        -1.72208609707786,
        -0.20895473543962179,
        1.0217233951844198,
        12.96199090459639,
        -1.6443698688507769,
        -0.8594367640945982,
        -0.27022178570978406,
        8.535371024586249,
        0.6565157503416096,
        0.20975661018691089,
        -0.6951166521287675,
        10.866046812692696,
        1.89137915283854,
        1.1469368501024528,
        -0.5671342866129481,
        12.922953866312406
    ],
    "test_ICAO": "KTUL",
    "nearby_ICAO": [
        "KFYV",
        "KTIK",
        "KJLN",
        "KFSM",
        "KOKC"
    ],
    "nearby_WBAN": [
        93993,
        13919,
        13987,
        13964,
        13967
    ],
    "test_USAF": 723560,
    "CV": -60344.37617858132
}
