{
    "GPmodel": "matern",
    "test_WBAN": 24130,
    "nearby_USAF": [
        726885,
        726880,
        726830,
        726815,
        727810
    ],
    "logNoise": -1.4643172672773683,
    "hyp": [
        -1.4643172672773683,
        -0.21536673528618297,
        1.560252801219612,
        12.720129743715912,
        1.3964222835575522,
        1.9574854225488199,
        -5.274089797973245,
        7.586870752957367,
        1.2527898150397476,
        0.4132610700507923,
        0.30847296247418665,
        12.366716109111197,
        2.4022380075723206,
        1.165112661346886,
        -1.1611738471089272,
        14.177966221799885
    ],
    "test_ICAO": "KBKE",
    "nearby_ICAO": [
        "KMEH",
        "KPDT",
        "KBNO",
        "KMUO",
        "KYKM"
    ],
    "nearby_WBAN": [
        24152,
        24155,
        94185,
        24106,
        24243
    ],
    "test_USAF": 726886,
    "CV": -75658.890266443
}
