{
    "GPmodel": "matern",
    "test_WBAN": 14942,
    "nearby_USAF": [
        725540,
        725570,
        725560,
        724490,
        725460
    ],
    "logNoise": -1.6873940034811685,
    "hyp": [
        -1.6873940034811685,
        -0.19893533406180064,
        2.288604839535529,
        16.07753703812919,
        0.5987880501981361,
        1.189646485595176,
        -4.5354371007241,
        9.914883699891414,
        1.4951286853704608,
        1.014402572131821,
        -0.45381895805569133,
        12.837448047471899,
        4.720045412114101,
        -1.899847735795649,
        -0.06977504777808498,
        14.234085243054032
    ],
    "test_ICAO": "KOMA",
    "nearby_ICAO": [
        "KOFF",
        "KSUX",
        "KOFK",
        "KSTJ",
        "KDSM"
    ],
    "nearby_WBAN": [
        14949,
        14943,
        14941,
        13993,
        14933
    ],
    "test_USAF": 725500,
    "CV": -64106.72221067337
}
