{
    "GPmodel": "matern",
    "test_WBAN": 24233,
    "nearby_USAF": [
        742060,
        727920,
        727810,
        727910,
        726940
    ],
    "logNoise": -1.6577607360892705,
    "hyp": [
        -1.6577607360892705,
        -0.1239276679050162,
        1.5010995241423808,
        13.114134564564168,
        -0.9271012930952615,
        -0.15021955760582872,
        -2.2294169549010796,
        8.901457127756103,
        1.1372950619693636,
        0.5171354369897482,
        -1.1102339942341648,
        11.475744001667996,
        2.222382617902497,
        1.0474276176457666,
        -1.2769700282641794,
        13.6743757254355
    ],
    "test_ICAO": "KSEA",
    "nearby_ICAO": [
        "KTCM",
        "KOLM",
        "KYKM",
        "KAST",
        "KSLE"
    ],
    "nearby_WBAN": [
        24207,
        24227,
        24243,
        94224,
        24232
    ],
    "test_USAF": 727930,
    "CV": -67848.05933140212
}
