{
    "GPmodel": "matern",
    "test_WBAN": 93993,
    "nearby_USAF": [
        723440,
        723495,
        724400,
        723560,
        723405
    ],
    "logNoise": -1.6649737613644862,
    "hyp": [
        -1.6649737613644862,
        -0.5646930254451087,
        1.4907740902202253,
        15.889860844157386,
        -1.2221038363528145,
        -0.6151756879600512,
        -0.8264999325198296,
        10.110891561840427,
        0.5980724417039246,
        -0.07594439019149672,
        1.0263926745267293,
        11.53730526560533,
        1.8409594003766634,
        1.4155406799244301,
        0.9109963291943703,
        13.468510216848493
    ],
    "test_ICAO": "KFYV",
    "nearby_ICAO": [
        "KFSM",
        "KJLN",
        "KSGF",
        "KTUL",
        "KLRF"
    ],
    "nearby_WBAN": [
        13964,
        13987,
        13995,
        13968,
        3930
    ],
    "test_USAF": 723445,
    "CV": -62178.22554192209
}
