{
    "GPmodel": "matern",
    "test_WBAN": 13739,
    "nearby_USAF": [
        724096,
        724075,
        724070,
        724088,
        725170
    ],
    "logNoise": -1.6756388002424176,
    "hyp": [
        -1.6756388002424176,
        0.7552338755597144,
        1.0821078887607058,
        12.320332587177507,
        -1.1690475757447745,
        -0.4654602846426668,
        -1.6092293984446702,
        10.073726517525577,
        0.6500814518620212,
        -0.2465298219352893,
        -0.34490040598635224,
        10.044503685972785,
        1.860218987546477,
        1.3145874120925358,
        -2.444994208314889,
        12.74991026040013
    ],
    "test_ICAO": "KPHL",
    "nearby_ICAO": [
        "KWRI",
        "KMIV",
        "KACY",
        "KDOV",
        "KABE"
    ],
    "nearby_WBAN": [
        14706,
        13735,
        93730,
        13707,
        14737
    ],
    "test_USAF": 724080,
    "CV": -60809.91475167978
}
