{
    "GPmodel": "matern",
    "test_WBAN": 93058,
    "nearby_USAF": [
        724680,
        724660,
        745310,
        724635,
        724645
    ],
    "logNoise": -1.5557343180949705,
    "hyp": [
        -1.5557343180949705,
        -0.469384651360439,
        1.619836648590119,
        14.951779078945329,
        -1.4648715912820143,
        -0.22853715667994803,
        -0.742017334799812,
        8.981664334920579,
        0.6372158065257847,
        0.4881471401345608,
        -0.23892576031993867,
        10.379318049710399,
        1.7948580768945175,
        1.172998583870033,
        -0.07033408810792173,
        13.32611599859349
    ],
    "test_ICAO": "KPUB",
    "nearby_ICAO": [
        "KFCS",
        "KCOS",
        "KAFF",
        "KLHX",
        "KTAD"
    ],
    "nearby_WBAN": [
        94015,
        93037,
        93065,
        23067,
        23070
    ],
    "test_USAF": 724640,
    "CV": -81742.26913718539
}
