{
    "GPmodel": "diurnal",
    "mll": -79438.26080694971,
    "test_WBAN": 13740,
    "nearby_USAF": [
        723087,
        745980,
        723080,
        724037,
        745940
    ],
    "logNoise": -0.8838185090484981,
    "hyp": [
        -0.8838185090484981,
        0.7518707036679466,
        1.1053987047012148,
        11.793642475389287,
        -0.634010740621842,
        0.6364607920284848,
        13.024586310880778
    ],
    "test_ICAO": "KRIC",
    "nearby_ICAO": [
        "KFAF",
        "KLFI",
        "KORF",
        "KDAA",
        "KADW"
    ],
    "nearby_WBAN": [
        93735,
        13702,
        13737,
        93728,
        13705
    ],
    "test_USAF": 724010
}
