{
    "GPmodel": "diurnal",
    "mll": -51409.67320830442,
    "test_WBAN": 23188,
    "nearby_USAF": [
        722860,
        722925,
        999999,
        722890,
        723825
    ],
    "logNoise": -0.41338818091165525,
    "hyp": [
        -0.41338818091165525,
        1.131494896281513,
        0.990867179220206,
        11.591929256708053,
        -0.3560992916064617,
        1.2740623363596255,
        12.12680612676785
    ],
    "test_ICAO": "KSAN",
    "nearby_ICAO": [
        "KRIV",
        "KNUC",
        "KSBD",
        "KMWS",
        "KVCV"
    ],
    "nearby_WBAN": [
        23119,
        93117,
        23122,
        93136,
        23131
    ],
    "test_USAF": 722900
}
