{
    "GPmodel": "diurnal",
    "mll": -93410.23353015445,
    "test_WBAN": 24033,
    "nearby_USAF": [
        726798,
        726776,
        726660,
        726797,
        727720
    ],
    "logNoise": -0.22998419147256438,
    "hyp": [
        -0.22998419147256438,
        1.1468065336174067,
        1.4003101810287404,
        12.294497513017623,
        -0.3475056685537949,
        1.2045028855461715,
        14.116778286929506
    ],
    "test_ICAO": "KBIL",
    "nearby_ICAO": [
        "KLVM",
        "KLWT",
        "KSHR",
        "KBZN",
        "KHLN"
    ],
    "nearby_WBAN": [
        24150,
        24036,
        24029,
        24132,
        24144
    ],
    "test_USAF": 726770
}
