{
    "GPmodel": "diurnal",
    "mll": -78036.74143381287,
    "test_WBAN": 3928,
    "nearby_USAF": [
        724505,
        724520,
        724550,
        723560,
        724510
    ],
    "logNoise": -0.711776568710636,
    "hyp": [
        -0.711776568710636,
        0.9334753976156727,
        1.1584840313049705,
        12.719994819774785,
        -0.45766977219979926,
        1.0512865809448453,
        14.326957834691354
    ],
    "test_ICAO": "KICT",
    "nearby_ICAO": [
        "KIAB",
        "KP28",
        "KFRI",
        "KTUL",
        "KDDC"
    ],
    "nearby_WBAN": [
        3923,
        3957,
        13947,
        13968,
        13985
    ],
    "test_USAF": 724500
}
