{
    "GPmodel": "diurnal",
    "mll": -92747.00347912365,
    "test_WBAN": 23050,
    "nearby_USAF": [
        723627,
        722680,
        724620,
        722686,
        724645
    ],
    "logNoise": -0.2872108591849284,
    "hyp": [
        -0.2872108591849284,
        0.9672168584793138,
        1.2052917766035112,
        12.429071317939197,
        -0.4526792756435401,
        1.4102673961099397,
        14.508455803146619
    ],
    "test_ICAO": "KABQ",
    "nearby_ICAO": [
        "KGUP",
        "KROW",
        "KALS",
        "KCVS",
        "KTAD"
    ],
    "nearby_WBAN": [
        23081,
        23009,
        23061,
        23008,
        23070
    ],
    "test_USAF": 723650
}
