{
    "GPmodel": "diurnal",
    "mll": -70870.84838457973,
    "test_WBAN": 14839,
    "nearby_USAF": [
        726405,
        725300,
        726410,
        725430,
        726360
    ],
    "logNoise": -0.7454877589102639,
    "hyp": [
        -0.7454877589102639,
        0.9773177347653641,
        1.097493757939504,
        12.575101568844877,
        -0.36109549529150126,
        0.701354202361688,
        14.012232007634864
    ],
    "test_ICAO": "KMKE",
    "nearby_ICAO": [
        "KMWC",
        "KORD",
        "KMSN",
        "KRFD",
        "KMKG"
    ],
    "nearby_WBAN": [
        94869,
        94846,
        14837,
        94822,
        14840
    ],
    "test_USAF": 726400
}
