{
    "GPmodel": "diurnal",
    "mll": -97656.53666541036,
    "test_WBAN": 23169,
    "nearby_USAF": [
        723865,
        723870,
        723825,
        724755,
        747188
    ],
    "logNoise": -0.22668649388587495,
    "hyp": [
        -0.22668649388587495,
        1.2920703152039317,
        1.0419986258546263,
        12.562505558873482,
        -0.3753331590861174,
        1.3528569506947785,
        14.606724162084056
    ],
    "test_ICAO": "KLAS",
    "nearby_ICAO": [
        "KLSV",
        "KDRA",
        "KVCV",
        "KCDC",
        "KBLH"
    ],
    "nearby_WBAN": [
        23112,
        3160,
        23131,
        93129,
        23158
    ],
    "test_USAF": 723860
}
