{
    "GPmodel": "diurnal",
    "mll": -65086.1177789417,
    "test_WBAN": 14740,
    "nearby_USAF": [
        744910,
        725040,
        725070,
        725038,
        725180
    ],
    "logNoise": -0.8069543711613534,
    "hyp": [
        -0.8069543711613534,
        0.9457503833307004,
        1.061548763676133,
        12.414629574851206,
        -0.49197872545104093,
        0.5003354686537432,
        12.287910741475228
    ],
    "test_ICAO": "KBDL",
    "nearby_ICAO": [
        "KCEF",
        "KBDR",
        "KPVD",
        "KSWF",
        "KALB"
    ],
    "nearby_WBAN": [
        14703,
        94702,
        14765,
        14714,
        14735
    ],
    "test_USAF": 725080
}
