{
    "GPmodel": "diurnal",
    "mll": -84512.41904047319,
    "test_WBAN": 13883,
    "nearby_USAF": [
        747900,
        722180,
        723106,
        999999,
        723140
    ],
    "logNoise": -0.72443503347881,
    "hyp": [
        -0.72443503347881,
        0.7614828117248333,
        1.027246420887753,
        12.561753456983938,
        -0.4347465033926401,
        1.0390538756351517,
        15.766382953878123
    ],
    "test_ICAO": "KCAE",
    "nearby_ICAO": [
        "KSSC",
        "KAGS",
        "KFLO",
        "SPA",
        "KCLT"
    ],
    "nearby_WBAN": [
        13849,
        3820,
        13744,
        93804,
        13881
    ],
    "test_USAF": 723100
}
