{
    "GPmodel": "diurnal",
    "mll": -78103.47033886822,
    "test_WBAN": 14764,
    "nearby_USAF": [
        726185,
        726050,
        725090,
        726145,
        725070
    ],
    "logNoise": -0.8106325534278389,
    "hyp": [
        -0.8106325534278389,
        0.9956830354644172,
        1.1378611445228126,
        12.180246289180777,
        -0.15997825447485275,
        0.8950730294876357,
        18.271356986797507
    ],
    "test_ICAO": "KPWM",
    "nearby_ICAO": [
        "KAUG",
        "KCON",
        "KBOS",
        "KMPV",
        "KPVD"
    ],
    "nearby_WBAN": [
        14605,
        14745,
        14739,
        94705,
        14765
    ],
    "test_USAF": 726060
}
