{
    "GPmodel": "diurnal",
    "mll": -83966.4312442766,
    "test_WBAN": 13894,
    "nearby_USAF": [
        747686,
        747770,
        722215,
        722210,
        722340
    ],
    "logNoise": -0.735830635619423,
    "hyp": [
        -0.735830635619423,
        0.7294989828471613,
        1.1016645793259556,
        11.880277070621155,
        0.9970359632836661,
        2.2844451577829448,
        12.301314220807006
    ],
    "test_ICAO": "KMOB",
    "nearby_ICAO": [
        "KBIX",
        "KHRT",
        "KCEW",
        "KVPS",
        "KMEI"
    ],
    "nearby_WBAN": [
        13820,
        3852,
        13884,
        13858,
        13865
    ],
    "test_USAF": 722230
}
