{
    "GPmodel": "diurnal",
    "mll": -68001.6907782515,
    "test_WBAN": 23194,
    "nearby_USAF": [
        723627,
        722786,
        722780,
        722785,
        722745
    ],
    "logNoise": -0.40081878512217267,
    "hyp": [
        -0.40081878512217267,
        1.1020026621483592,
        1.05121462421555,
        11.605260484322399,
        -0.4136773815547763,
        1.3967357906937419,
        14.034050949840992
    ],
    "test_ICAO": "KINW",
    "nearby_ICAO": [
        "KGUP",
        "KIWA",
        "KPHX",
        "KLUF",
        "KDMA"
    ],
    "nearby_WBAN": [
        23081,
        23104,
        23183,
        23111,
        23109
    ],
    "test_USAF": 723740
}
