{
    "GPmodel": "diurnal",
    "mll": -86184.31594049608,
    "test_WBAN": 13865,
    "nearby_USAF": [
        722350,
        722286,
        723306,
        722230,
        722358
    ],
    "logNoise": -0.7745599442370323,
    "hyp": [
        -0.7745599442370323,
        0.6476415441921243,
        1.0534598482992779,
        12.716107981414112,
        0.8028340748819899,
        2.0284814446204655,
        14.763355191220228
    ],
    "test_ICAO": "KMEI",
    "nearby_ICAO": [
        "KJAN",
        "KTCL",
        "KCBM",
        "KMOB",
        "KMCB"
    ],
    "nearby_WBAN": [
        3940,
        93806,
        13825,
        13894,
        93919
    ],
    "test_USAF": 722340
}
