{
    "GPmodel": "diurnal",
    "mll": -83861.68696701285,
    "test_WBAN": 93820,
    "nearby_USAF": [
        724210,
        724297,
        724240,
        724250,
        746716
    ],
    "logNoise": -0.6905529226440918,
    "hyp": [
        -0.6905529226440918,
        1.0101681397871254,
        1.217207841656161,
        12.173938482123528,
        -0.38275564945897067,
        0.9112501993728586,
        19.098491174510762
    ],
    "test_ICAO": "KLEX",
    "nearby_ICAO": [
        "KCVG",
        "KLUK",
        "KFTK",
        "KHTS",
        "KBWG"
    ],
    "nearby_WBAN": [
        93814,
        93812,
        13807,
        3860,
        93808
    ],
    "test_USAF": 724220
}
