{
    "GPmodel": "diurnal",
    "mll": -81387.1444841301,
    "test_WBAN": 93987,
    "nearby_USAF": [
        722448,
        722480,
        722485,
        722400,
        722487
    ],
    "logNoise": -0.7094697849890023,
    "hyp": [
        -0.7094697849890023,
        0.8524692143677098,
        1.0507409522739486,
        12.34852030994719,
        -0.5537237889553114,
        0.9291762592043764,
        13.945094153908443
    ],
    "test_ICAO": "KLFK",
    "nearby_ICAO": [
        "KTYR",
        "KSHV",
        "KBAD",
        "KLCH",
        "KESF"
    ],
    "nearby_WBAN": [
        13972,
        13957,
        13944,
        3937,
        13935
    ],
    "test_USAF": 722446
}
