{
    "GPmodel": "diurnal",
    "mll": -99795.25476383578,
    "test_WBAN": 93129,
    "nearby_USAF": [
        724735,
        723865,
        724860,
        723860,
        723870
    ],
    "logNoise": -0.2159972380829182,
    "hyp": [
        -0.2159972380829182,
        1.2505259037294771,
        1.1442917171024218,
        12.331849702424456,
        -0.4010339934221096,
        1.2533350247645931,
        13.24407156630136
    ],
    "test_ICAO": "KCDC",
    "nearby_ICAO": [
        "KHVE",
        "KLSV",
        "KELY",
        "KLAS",
        "KDRA"
    ],
    "nearby_WBAN": [
        23170,
        23112,
        23154,
        23169,
        3160
    ],
    "test_USAF": 724755
}
