{
    "GPmodel": "diurnal",
    "mll": -81342.45247498472,
    "test_WBAN": 14739,
    "nearby_USAF": [
        725070,
        726050,
        744910,
        725080,
        726060
    ],
    "logNoise": -0.7967437118838827,
    "hyp": [
        -0.7967437118838827,
        0.907484565304177,
        1.0900388781572887,
        12.227026998216816,
        -0.5010475436980754,
        0.6845334428577718,
        12.77065786490719
    ],
    "test_ICAO": "KBOS",
    "nearby_ICAO": [
        "KPVD",
        "KCON",
        "KCEF",
        "KBDL",
        "KPWM"
    ],
    "nearby_WBAN": [
        14765,
        14745,
        14703,
        14740,
        14764
    ],
    "test_USAF": 725090
}
