{
    "GPmodel": "diurnal",
    "mll": -79371.9216467169,
    "test_WBAN": 13866,
    "nearby_USAF": [
        724250,
        724170,
        724286,
        724110,
        724280
    ],
    "logNoise": -0.7661767711604591,
    "hyp": [
        -0.7661767711604591,
        0.9401538325943034,
        1.1826199452204733,
        12.679496890104586,
        -0.31672290857422314,
        0.8151388334791675,
        14.165343795478353
    ],
    "test_ICAO": "KCRW",
    "nearby_ICAO": [
        "KHTS",
        "KEKN",
        "KZZV",
        "KROA",
        "KCMH"
    ],
    "nearby_WBAN": [
        3860,
        13729,
        93824,
        13741,
        14821
    ],
    "test_USAF": 724140
}
