{
    "GPmodel": "diurnal",
    "mll": -78190.40935734897,
    "test_WBAN": 13968,
    "nearby_USAF": [
        723445,
        723540,
        723495,
        723440,
        723530
    ],
    "logNoise": -0.7355126877425695,
    "hyp": [
        -0.7355126877425695,
        0.9296107496582461,
        1.1356570192303328,
        12.148050304229466,
        -0.45025737492168844,
        0.9687929672072499,
        19.505151548414556
    ],
    "test_ICAO": "KTUL",
    "nearby_ICAO": [
        "KFYV",
        "KTIK",
        "KJLN",
        "KFSM",
        "KOKC"
    ],
    "nearby_WBAN": [
        93993,
        13919,
        13987,
        13964,
        13967
    ],
    "test_USAF": 723560
}
