{
    "GPmodel": "diurnal",
    "mll": -83163.27905721286,
    "test_WBAN": 24233,
    "nearby_USAF": [
        742060,
        727920,
        727810,
        727910,
        726940
    ],
    "logNoise": -0.805178407049166,
    "hyp": [
        -0.805178407049166,
        0.8415908139348375,
        0.896883273018235,
        12.052696394877149,
        -0.3808046628546162,
        1.0958498155867809,
        12.763468267908156
    ],
    "test_ICAO": "KSEA",
    "nearby_ICAO": [
        "KTCM",
        "KOLM",
        "KYKM",
        "KAST",
        "KSLE"
    ],
    "nearby_WBAN": [
        24207,
        24227,
        24243,
        94224,
        24232
    ],
    "test_USAF": 727930
}
