{
    "GPmodel": "diurnal",
    "mll": -84815.6523470142,
    "test_WBAN": 94705,
    "nearby_USAF": [
        726170,
        726050,
        725180,
        726060,
        744910
    ],
    "logNoise": -0.819591592527117,
    "hyp": [
        -0.819591592527117,
        0.8702501354067642,
        1.1319584540157797,
        12.623702658515862,
        -0.5231191740245154,
        0.5800612824859852,
        12.79490711679426
    ],
    "test_ICAO": "KMPV",
    "nearby_ICAO": [
        "KBTV",
        "KCON",
        "KALB",
        "KPWM",
        "KCEF"
    ],
    "nearby_WBAN": [
        14742,
        14745,
        14735,
        14764,
        14703
    ],
    "test_USAF": 726145
}
