{
    "GPmodel": "diurnal",
    "mll": -72826.5099913679,
    "test_WBAN": 94847,
    "nearby_USAF": [
        725375,
        725377,
        725360,
        726370,
        725395
    ],
    "logNoise": -0.8057371236066085,
    "hyp": [
        -0.8057371236066085,
        0.8724312388356439,
        1.0986132528935817,
        12.282403257760842,
        -0.3825267738060365,
        0.8728631861664609,
        19.122816441852546
    ],
    "test_ICAO": "KDTW",
    "nearby_ICAO": [
        "KDET",
        "KMTC",
        "KTOL",
        "KFNT",
        "KJXN"
    ],
    "nearby_WBAN": [
        14822,
        14804,
        94830,
        14826,
        14833
    ],
    "test_USAF": 725370
}
