{
    "GPmodel": "diurnal",
    "mll": -96110.57437072994,
    "test_WBAN": 93058,
    "nearby_USAF": [
        724680,
        724660,
        745310,
        724635,
        724645
    ],
    "logNoise": -0.31070746943487376,
    "hyp": [
        -0.31070746943487376,
        0.8658875920998603,
        1.2886293623696023,
        11.522959364995046,
        -0.40312412682952,
        1.3358913118222402,
        18.98635188199086
    ],
    "test_ICAO": "KPUB",
    "nearby_ICAO": [
        "KFCS",
        "KCOS",
        "KAFF",
        "KLHX",
        "KTAD"
    ],
    "nearby_WBAN": [
        94015,
        93037,
        93065,
        23067,
        23070
    ],
    "test_USAF": 724640
}
