{
    "GPmodel": "diurnal",
    "mll": -92325.45110636149,
    "test_WBAN": 24156,
    "nearby_USAF": [
        725755,
        725720,
        725810,
        726815,
        725760
    ],
    "logNoise": -0.4619531716910972,
    "hyp": [
        -0.4619531716910972,
        1.0624593916562663,
        1.1228810925805248,
        12.500592798753875,
        -0.4323669822866697,
        1.0966051559985377,
        14.408479729092107
    ],
    "test_ICAO": "KPIH",
    "nearby_ICAO": [
        "KHIF",
        "KSLC",
        "KENV",
        "KMUO",
        "KLND"
    ],
    "nearby_WBAN": [
        24101,
        24127,
        24193,
        24106,
        24021
    ],
    "test_USAF": 725780
}
