{
    "GPmodel": "diurnal",
    "mll": -69911.9541991778,
    "test_WBAN": 14933,
    "nearby_USAF": [
        725465,
        725480,
        725450,
        725485,
        725500
    ],
    "logNoise": -0.7595942958900768,
    "hyp": [
        -0.7595942958900768,
        0.9871375333155822,
        1.134307201416927,
        12.845110103741764,
        -0.42366102348363177,
        0.8470685681816664,
        14.311844319343157
    ],
    "test_ICAO": "KDSM",
    "nearby_ICAO": [
        "KOTM",
        "KALO",
        "KCID",
        "KMCW",
        "KOMA"
    ],
    "nearby_WBAN": [
        14950,
        94910,
        14990,
        14940,
        14942
    ],
    "test_USAF": 725460
}
