{
    "GPmodel": "diurnal",
    "mll": -77908.56884153592,
    "test_WBAN": 14942,
    "nearby_USAF": [
        725540,
        725570,
        725560,
        724490,
        725460
    ],
    "logNoise": -0.7092156624847256,
    "hyp": [
        -0.7092156624847256,
        0.9322260874690063,
        1.172653493224101,
        12.842934295206163,
        -0.404453644408649,
        0.920326119732379,
        14.294764178533658
    ],
    "test_ICAO": "KOMA",
    "nearby_ICAO": [
        "KOFF",
        "KSUX",
        "KOFK",
        "KSTJ",
        "KDSM"
    ],
    "nearby_WBAN": [
        14949,
        14943,
        14941,
        13993,
        14933
    ],
    "test_USAF": 725500
}
