{
    "GPmodel": "diurnal",
    "mll": -82181.28721475154,
    "test_WBAN": 93721,
    "nearby_USAF": [
        745940,
        724050,
        724037,
        724030,
        724088
    ],
    "logNoise": -0.7874922165822446,
    "hyp": [
        -0.7874922165822446,
        0.9065052393849639,
        1.146318685661234,
        11.264187075400024,
        -0.43456507868894423,
        0.8889302719122937,
        13.554856829686756
    ],
    "test_ICAO": "KBWI",
    "nearby_ICAO": [
        "KADW",
        "KDCA",
        "KDAA",
        "KIAD",
        "KDOV"
    ],
    "nearby_WBAN": [
        13705,
        13743,
        93728,
        93738,
        13707
    ],
    "test_USAF": 724060
}
