{
    "GPmodel": "diurnal",
    "mll": -80886.09268150727,
    "test_WBAN": 14765,
    "nearby_USAF": [
        725090,
        744910,
        725080,
        725040,
        726050
    ],
    "logNoise": -0.787915957666347,
    "hyp": [
        -0.787915957666347,
        0.9430821704764384,
        1.0858655468526852,
        12.075834558234945,
        -0.4117974306886498,
        0.8214176114128127,
        12.501936257431895
    ],
    "test_ICAO": "KPVD",
    "nearby_ICAO": [
        "KBOS",
        "KCEF",
        "KBDL",
        "KBDR",
        "KCON"
    ],
    "nearby_WBAN": [
        14739,
        14703,
        14740,
        94702,
        14745
    ],
    "test_USAF": 725070
}
