{
    "GPmodel": "diurnal",
    "mll": -82226.07982749601,
    "test_WBAN": 13884,
    "nearby_USAF": [
        722210,
        747770,
        722269,
        747750,
        722230
    ],
    "logNoise": -0.7749145606893992,
    "hyp": [
        -0.7749145606893992,
        0.7024226006101615,
        0.9593306243364262,
        12.04229488755674,
        0.9109834590400093,
        2.139124388118085,
        13.591302661921247
    ],
    "test_ICAO": "KCEW",
    "nearby_ICAO": [
        "KVPS",
        "KHRT",
        "KOZR",
        "KPAM",
        "KMOB"
    ],
    "nearby_WBAN": [
        13858,
        3852,
        3850,
        13846,
        13894
    ],
    "test_USAF": 722215
}
