{
    "GPmodel": "diurnal",
    "mll": -79575.56913586866,
    "test_WBAN": 14944,
    "nearby_USAF": [
        725570,
        726540,
        726546,
        725560,
        726590
    ],
    "logNoise": -0.7401407864684865,
    "hyp": [
        -0.7401407864684865,
        0.8642819866840887,
        1.2450902142693303,
        12.79708619091126,
        -0.3887927440107818,
        1.063282000410028,
        18.398469700448388
    ],
    "test_ICAO": "KFSD",
    "nearby_ICAO": [
        "KSUX",
        "KHON",
        "KATY",
        "KOFK",
        "KABR"
    ],
    "nearby_WBAN": [
        14943,
        14936,
        14946,
        14941,
        14929
    ],
    "test_USAF": 726510
}
