{
    "GPmodel": "diurnal",
    "mll": -76824.17892468449,
    "test_WBAN": 93993,
    "nearby_USAF": [
        723440,
        723495,
        724400,
        723560,
        723405
    ],
    "logNoise": -0.7661448371330656,
    "hyp": [
        -0.7661448371330656,
        0.8814370594127416,
        1.08687083617625,
        12.754434422314196,
        -0.4454923504850527,
        0.9588208559397784,
        14.800815454195739
    ],
    "test_ICAO": "KFYV",
    "nearby_ICAO": [
        "KFSM",
        "KJLN",
        "KSGF",
        "KTUL",
        "KLRF"
    ],
    "nearby_WBAN": [
        13964,
        13987,
        13995,
        13968,
        3930
    ],
    "test_USAF": 723445
}
