{
    "GPmodel": "diurnal",
    "mll": -77396.6144573163,
    "test_WBAN": 13722,
    "nearby_USAF": [
        723030,
        746930,
        724106,
        723066,
        723067
    ],
    "logNoise": -0.8786358365873754,
    "hyp": [
        -0.8786358365873754,
        0.7513567593722048,
        1.1538320926182681,
        11.856750578733243,
        -0.48453507743229146,
        0.9494946453046299,
        19.218474564223776
    ],
    "test_ICAO": "KRDU",
    "nearby_ICAO": [
        "KPOB",
        "KFBG",
        "KDAN",
        "KGSB",
        "KISO"
    ],
    "nearby_WBAN": [
        13714,
        93737,
        13728,
        13713,
        93726
    ],
    "test_USAF": 723060
}
