{
    "GPmodel": "diurnal",
    "mll": -75232.15164174791,
    "test_WBAN": 13957,
    "nearby_USAF": [
        722485,
        723418,
        723419,
        722448,
        722446
    ],
    "logNoise": -0.7146999769108419,
    "hyp": [
        -0.7146999769108419,
        0.8436129834947526,
        1.0346284555134078,
        12.659576357978251,
        -0.475599175035933,
        1.0162245444755247,
        14.806253200957153
    ],
    "test_ICAO": "KSHV",
    "nearby_ICAO": [
        "KBAD",
        "KTXK",
        "KELD",
        "KTYR",
        "KLFK"
    ],
    "nearby_WBAN": [
        13944,
        13977,
        93992,
        13972,
        93987
    ],
    "test_USAF": 722480
}
