{
    "GPmodel": "diurnal",
    "mll": -77696.46342054085,
    "test_WBAN": 14914,
    "nearby_USAF": [
        727575,
        727535,
        726557,
        726590,
        726546
    ],
    "logNoise": -0.7567634488593767,
    "hyp": [
        -0.7567634488593767,
        0.9120284742729272,
        1.2082198714546182,
        12.883249446197047,
        -0.42759937691900124,
        0.9260436730881387,
        15.374181756637439
    ],
    "test_ICAO": "KFAR",
    "nearby_ICAO": [
        "KRDR",
        "KJMS",
        "KAXN",
        "KABR",
        "KATY"
    ],
    "nearby_WBAN": [
        94925,
        14919,
        14910,
        14929,
        14946
    ],
    "test_USAF": 727530
}
