{
    "GPmodel": "diurnal",
    "mll": -87606.05531555555,
    "test_WBAN": 24130,
    "nearby_USAF": [
        726885,
        726880,
        726830,
        726815,
        727810
    ],
    "logNoise": -0.4809368987447299,
    "hyp": [
        -0.4809368987447299,
        1.0352448015027214,
        1.184797255462778,
        11.525359179314322,
        -0.5467690931314007,
        1.2597299651744218,
        14.427240300818278
    ],
    "test_ICAO": "KBKE",
    "nearby_ICAO": [
        "KMEH",
        "KPDT",
        "KBNO",
        "KMUO",
        "KYKM"
    ],
    "nearby_WBAN": [
        24152,
        24155,
        94185,
        24106,
        24243
    ],
    "test_USAF": 726886
}
