{
    "GPmodel": "diurnal",
    "mll": -80035.25344383958,
    "test_WBAN": 3820,
    "nearby_USAF": [
        723100,
        723110,
        722070,
        747900,
        723120
    ],
    "logNoise": -0.7901818877366226,
    "hyp": [
        -0.7901818877366226,
        0.8045388946663758,
        0.990890048002247,
        12.48453335915473,
        -0.3878175528867915,
        0.9740881442298756,
        19.562702022037893
    ],
    "test_ICAO": "KAGS",
    "nearby_ICAO": [
        "KCAE",
        "KAHN",
        "KSAV",
        "KSSC",
        "KGSP"
    ],
    "nearby_WBAN": [
        13883,
        13873,
        3822,
        13849,
        3870
    ],
    "test_USAF": 722180
}
