{
    "GPmodel": "diurnal",
    "mll": -78621.44078909532,
    "test_WBAN": 13882,
    "nearby_USAF": [
        722270,
        723260,
        723230,
        722190,
        722287
    ],
    "logNoise": -0.6986247534608983,
    "hyp": [
        -0.6986247534608983,
        0.9645320524371147,
        1.0666842609866536,
        12.36942535505385,
        -0.38483675683501734,
        0.7890280630621413,
        13.84701555532428
    ],
    "test_ICAO": "KCHA",
    "nearby_ICAO": [
        "KMGE",
        "KTYS",
        "KHSV",
        "KATL",
        "KANB"
    ],
    "nearby_WBAN": [
        13864,
        13891,
        3856,
        13874,
        13871
    ],
    "test_USAF": 723240
}
