{
    "GPmodel": "diurnal",
    "mll": -76606.95322832608,
    "test_WBAN": 13739,
    "nearby_USAF": [
        724096,
        724075,
        724070,
        724088,
        725170
    ],
    "logNoise": -0.812732362367056,
    "hyp": [
        -0.812732362367056,
        0.8625456158394753,
        1.060042030851904,
        12.00044293530611,
        -0.5243578219667644,
        0.6783152051624443,
        13.390261437548242
    ],
    "test_ICAO": "KPHL",
    "nearby_ICAO": [
        "KWRI",
        "KMIV",
        "KACY",
        "KDOV",
        "KABE"
    ],
    "nearby_WBAN": [
        14706,
        13735,
        93730,
        13707,
        14737
    ],
    "test_USAF": 724080
}
