{
    "GPmodel": "diurnal",
    "mll": -75955.57765871083,
    "test_WBAN": 93822,
    "nearby_USAF": [
        724340,
        724338,
        725440,
        724450,
        725430
    ],
    "logNoise": -0.8263098117085624,
    "hyp": [
        -0.8263098117085624,
        0.9503752200387071,
        1.137036295880019,
        12.605536552275378,
        -0.33645018969353413,
        0.9617312166021064,
        19.51490716049541
    ],
    "test_ICAO": "KSPI",
    "nearby_ICAO": [
        "KSTL",
        "KBLV",
        "KMLI",
        "KCOU",
        "KRFD"
    ],
    "nearby_WBAN": [
        13994,
        13802,
        14923,
        3945,
        94822
    ],
    "test_USAF": 724390
}
