{
    "GPmodel": "diurnal",
    "mll": -61079.88846699716,
    "test_WBAN": 94789,
    "nearby_USAF": [
        725030,
        725040,
        724096,
        725038,
        725170
    ],
    "logNoise": -0.8434301691824465,
    "hyp": [
        -0.8434301691824465,
        0.9400850570088692,
        1.0377636600607463,
        12.159536333735902,
        -0.29560284474104803,
        0.900998937912508,
        13.966160410197668
    ],
    "test_ICAO": "KJFK",
    "nearby_ICAO": [
        "KLGA",
        "KBDR",
        "KWRI",
        "KSWF",
        "KABE"
    ],
    "nearby_WBAN": [
        14732,
        94702,
        14706,
        14714,
        14737
    ],
    "test_USAF": 744860
}
