{
    "GPmodel": "diurnal",
    "mll": -73780.93699434753,
    "test_WBAN": 13995,
    "nearby_USAF": [
        723495,
        724457,
        723445,
        724467,
        724450
    ],
    "logNoise": -0.772532142571076,
    "hyp": [
        -0.772532142571076,
        0.8774160348955398,
        1.1105317537077466,
        12.759175046864888,
        -0.4184496873296069,
        0.9521727800807588,
        14.477989743020753
    ],
    "test_ICAO": "KSGF",
    "nearby_ICAO": [
        "KJLN",
        "KTBN",
        "KFYV",
        "KSZL",
        "KCOU"
    ],
    "nearby_WBAN": [
        13987,
        3938,
        93993,
        13930,
        3945
    ],
    "test_USAF": 724400
}
