{
    "GPmodel": "diurnal",
    "mll": -86386.46463972484,
    "test_WBAN": 93817,
    "nearby_USAF": [
        724240,
        746710,
        746716,
        724338,
        724380
    ],
    "logNoise": -0.8042239802024416,
    "hyp": [
        -0.8042239802024416,
        0.8218928273954407,
        1.0972461253018009,
        12.7920355642461,
        -0.4526150409018083,
        0.8410500881372962,
        19.988872185676595
    ],
    "test_ICAO": "KEVV",
    "nearby_ICAO": [
        "KFTK",
        "KHOP",
        "KBWG",
        "KBLV",
        "KIND"
    ],
    "nearby_WBAN": [
        13807,
        13806,
        93808,
        13802,
        93819
    ],
    "test_USAF": 724320
}
