{
    "GPmodel": "diurnal",
    "mll": -68635.71824470129,
    "test_WBAN": 14922,
    "nearby_USAF": [
        726435,
        725485,
        726430,
        726557,
        727450
    ],
    "logNoise": -0.8331425216737292,
    "hyp": [
        -0.8331425216737292,
        1.046661126319176,
        1.1605348268087499,
        13.000450819381195,
        -0.32262388764053784,
        0.7818024898700804,
        15.40163093976526
    ],
    "test_ICAO": "KMSP",
    "nearby_ICAO": [
        "KEAU",
        "KMCW",
        "KLSE",
        "KAXN",
        "KDLH"
    ],
    "nearby_WBAN": [
        14991,
        14940,
        14920,
        14910,
        14913
    ],
    "test_USAF": 726580
}
