{
    "GPmodel": "diurnal",
    "mll": -75272.35166722022,
    "test_WBAN": 14821,
    "nearby_USAF": [
        724286,
        745700,
        724290,
        724297,
        724250
    ],
    "logNoise": -0.7546940201816414,
    "hyp": [
        -0.7546940201816414,
        1.0062010482666908,
        1.1890403183717417,
        12.301916408203473,
        -0.3442448438070878,
        0.8074926679068487,
        14.163085178828792
    ],
    "test_ICAO": "KCMH",
    "nearby_ICAO": [
        "KZZV",
        "KFFO",
        "KDAY",
        "KLUK",
        "KHTS"
    ],
    "nearby_WBAN": [
        93824,
        13840,
        93815,
        93812,
        3860
    ],
    "test_USAF": 724280
}
